日期,活动时间计数,热量（千卡）,距离（米）,心肺强化分数,心肺强化时长（分钟）,最低纬度（度）,最低经度（度）,最高纬度（度）,最高经度（度）,平均速度（米/秒）,最高速度（米/秒）,最低速度（米/秒）,步数,平均体重（公斤）,最高体重（公斤）,最低体重（公斤）,骑车时长（毫秒）,步行时长（毫秒）,跑步时长（毫秒）
2021-09-15,35,815.788043441076,1547.1785697937012,27.0,26,3.00823712348938,101.66062927246094,3.010061740875244,101.6610336303711,0.5323856404559469,4.292983531951904,0.22168861329555511,3658,70.82197089721403,73.0,69.0,,2159520,
2021-09-16,26,1541.6164239546185,1021.8963723182678,1.0,1,,,,,1.0462839727294988,6.361966609954834,0.2676779329776764,1838,,,,,535238,
2021-09-17,22,1594.232038567507,963.2607173919678,2.0,1,,,,,0.4523399506590206,2.9240617752075195,0.3088591396808624,1524,,,,,1486122,
2021-09-18,20,1550.4976083652793,640.0476450920105,,,,,,,2.470019252145408,19.704320907592773,0.2573826313018799,1371,,,,,695302,
2021-09-19,25,1552.6560482841555,801.7984027862549,,,,,,,0.3759339158404603,0.6398036479949951,0.2779732346534729,1539,,,,,734748,
2021-09-20,75,1554.6548446364045,2898.055609703064,8.0,6,,,,,0.5841729245571112,3.247838258743286,0.2573826313018799,4827,,,,,770872,
2021-09-21,19,1511.9999629036386,644.8979454040527,,,,,,,0.30859758523577047,0.606322705745697,0.2676779329776764,1180,,,,,,
2021-09-22,39,1639.9217848174778,1388.0468406677246,1.0,1,,,,,0.4036341753740997,2.993020534515381,0.2676779329776764,2392,,,,,2311840,
2021-09-23,109,1683.6026643825442,4466.5324783325195,14.0,10,,,,,3.3415349879291405,17.747894287109375,0.2573826313018799,6895,,,,,3101254,
2021-09-24,38,1588.750867222503,1522.3429880142212,4.0,4,,,,,3.5819468771551697,13.007122993469238,0.2882685363292694,2513,,,,,1387066,
2021-09-25,18,1558.1062332461606,594.1317372322083,,,,,,,0.7181921220916476,2.5271494388580322,0.3062093257904053,1166,,,,,833247,
2021-09-26,11,1540.4304019940323,394.7220125198364,,,,,,,0.6609906676707573,6.126638412475586,0.24899642169475555,840,,,,,513803,
2021-09-27,34,1532.9594697215432,922.4119567871094,,,,,,,0.6184427802608762,9.343925476074219,0.2985638380050659,1544,,,,,378786,
2021-09-28,93,1650.927834082113,2880.668438911438,2.0,2,,,,,0.7239656860015845,12.594738006591797,0.2573826313018799,5052,,,,115889,2386828,
2021-09-29,34,1627.3803447303194,1123.0958318710327,,,,,,,1.0478933384130498,11.101369857788086,0.28734055161476135,2021,,,,,2085188,
2021-09-30,48,1684.393230251803,2647.6550731658936,20.0,18,,,,,0.7622846624800104,4.938759803771973,0.2779732346534729,4073,,,,,3091413,
2021-10-01,13,1525.9953192982612,412.63585090637207,,,,,,,0.4977758484853258,2.5705227851867676,0.2573826313018799,817,,,,,252929,
2021-10-02,47,1599.2573261022203,1656.263017654419,1.0,1,,,,,1.0081226731249295,7.999298095703125,0.2573826313018799,2748,,,,,1576943,
2021-10-03,8,1511.9999125219324,298.1917915344238,,,,,,,1.1264745475794882,4.668015956878662,0.2882685363292694,538,,,,,,
2021-10-04,10,1511.9999780668768,509.4316806793213,1.0,1,,,,,0.5529837022567917,7.931262016296387,0.2676779329776764,899,,,,,,
2021-10-05,24,1527.9135914881413,905.2586727142334,1.0,1,,,,,0.40065593027238317,1.4323070049285889,0.2573826313018799,1643,,,,,287596,
2021-10-06,26,1548.261961055167,1032.7303409576416,1.0,1,,,,,2.6019269606930684,20.32462501525879,0.2985638380050659,1768,,,,,655337,
2021-10-07,11,1523.6176258170242,366.91746044158936,,,,,,,0.36105268670780105,1.1413828134536743,0.3088591396808624,740,,,,,209958,
2021-10-08,4,1536.54049810407,151.34099006652832,,,,,,,1.3181252339571128,1.9587148427963257,0.3088591694831848,271,,,,,443503,
2021-10-09,17,1511.99998784997,653.761438369751,2.0,2,,,,,0.9320735023532101,7.916942596435547,0.2573826313018799,1096,,,,,,
2021-10-10,,1511.9999105022487,,,,,,,,0.9645083546638489,0.9645083546638489,0.9645083546638489,62,,,,,,
2021-10-11,23,1543.6643281880165,967.4248538017273,4.0,2,,,,,1.610004827229023,7.277152061462402,0.2779732346534729,1580,,,,,567734,
2021-10-12,1,1511.9999285173312,24.091014862060547,,,,,,,0.5280870795249939,0.747314989566803,0.3088591694831848,134,,,,,,
2021-10-13,36,1556.2518880239945,1229.6600189208984,,,,,,,0.34637783460755794,2.3235249519348145,0.2573826313018799,2166,,,,,799734,
2021-10-14,15,1511.9999459685798,466.11371994018555,,,,,,,0.46467749233264694,1.026041865348816,0.3088591396808624,821,,,,,,
2021-10-15,,1511.9999110201875,,,,,,,,,,,,,,,,,
2021-10-16,,400.4519177256425,,,,,,,,,,,17,,,,,,
2021-10-18,,1512.0001038572882,,,,,,,,,,,,,,,,,
2021-10-19,,1511.9999430068467,53.74149513244629,,,,,,,0.29048916371722144,0.3088591396808624,0.2676779329776764,176,,,,,,
2021-10-20,,1511.9999575009829,33.35679054260254,,,,,,,0.2779732346534729,0.2985638380050659,0.2573826313018799,116,,,,,,
2021-10-21,78,1775.963789484226,3701.741542339325,16.0,11,,,,,0.7746816822497729,12.506258010864258,0.2676779329776764,5746,,,,63663,4702358,
2021-10-22,6,1511.9999255270372,300.81041717529297,1.0,1,,,,,0.31325126398983977,2.3737289905548096,0.2985638380050659,567,,,,,,
2021-10-23,144,1802.7316047918032,5847.950284004211,10.0,7,,,,,1.2828913211978883,18.19281005859375,0.2779732346534729,9096,,,,,5240215,
2021-10-24,3,1514.2081233453657,75.97935676574707,,,,,,,0.3095990860765448,0.4727412462234497,0.3088591694831848,221,,,,,39907,
2021-10-25,130,1723.2655409581366,5224.984002590179,17.0,14,,,,,1.7333267908992445,21.407808303833008,0.2676779329776764,8203,,,,,3818051,
2021-10-26,35,1605.929785035071,1504.6070671081543,4.0,2,,,,,6.506835117989822,19.60823631286621,0.305614709854126,2387,,,,,1666625,
2021-10-27,123,1743.8403229370615,4549.797491550446,11.0,8,,,,,1.8151258557802892,19.580419540405273,0.24712499976158142,7319,,,,,4189886,
2021-10-28,44,1611.6059387420823,1786.7747502326965,6.0,4,,,,,2.2584118289901287,20.232145309448242,0.25798049569129944,2825,,,,,1800109,
2021-10-29,65,1569.9659711508616,2280.218168258667,1.0,1,,,,,1.8506123185034724,15.456738471984863,0.2573826313018799,3697,,,,,1046041,
2021-10-30,92,1630.3847551021572,3666.6487250328064,8.0,7,,,,,0.5761014715656357,2.444098472595215,0.24994662404060364,5846,,,,,2139486,
2021-10-31,38,1606.3060129679168,1510.7400224208832,3.0,2,,,,,0.6249832678310093,7.449059963226318,0.2912558615207672,2429,,,,,1704327,
2021-11-01,20,1514.8393978314637,638.151294708252,,,,,,,0.524467464007067,15.13733196258545,0.2779732346534729,1084,,,,,51313,
2021-11-02,66,1700.6655526181155,3131.3370695114136,19.0,14,,,,,4.962915280485737,20.055957794189453,0.2882685363292694,4782,,,,,3198483,90942
2021-11-03,49,1595.1968406838084,1619.378758430481,1.0,1,,,,,1.99508033962149,21.673364639282227,0.2985638380050659,2867,,,,,1503558,
2021-11-04,51,1538.1981921771805,1567.6581535339355,,,,,,,0.4208082941927735,0.9344605803489685,0.2573826313018799,2731,,,,,473462,
2021-11-05,5,1522.3190104814923,124.77910232543945,,,,,,,0.39086461061240807,0.4728700518608093,0.3088591396808624,278,,,,,186490,
2021-11-06,21,1511.9999356485985,687.5205020904541,,,,,,,0.3534433981623917,0.5478152632713318,0.30305248498916626,1249,,,,,,
2021-11-07,26,1539.4272397059244,802.2039011716843,,,,,,,0.3156188788832623,0.7849253416061401,0.2779732346534729,1443,,,,,495674,
2021-11-08,8,1511.9999165144598,255.73539543151855,,,,,,,0.3045942076900942,0.3718685805797577,0.2985638380050659,468,,,,,,
2021-11-09,43,1516.998963838286,1549.9565677642822,1.0,1,,,,,0.3524473847942865,1.2073605060577393,0.2573826313018799,2704,,,,,90343,
2021-11-10,72,1574.237870476265,2495.9639072418213,2.0,2,,,,,5.907163487998809,22.153209686279297,0.3088591396808624,4107,,,,,1124783,
2021-11-11,17,1552.7950165565403,530.6200561523438,,,,,,,0.989301586080853,1.7930471897125244,0.3088591396808624,973,,,,,737261,
2021-11-12,6,1511.9999421789416,241.52787160873413,,,,,,,0.32112900475547207,0.6554400324821472,0.30080506205558777,652,,,,,,
2021-11-13,104,1630.3108159872036,3956.9714794158936,11.0,8,,,,,0.3788799814317071,2.1900086402893066,0.2779732346534729,6313,,,,,2138149,
2021-11-14,69,1657.3584554899953,2507.349682569504,2.0,2,,,,,0.48054910505103354,4.394687652587891,0.26546671986579895,4083,,,,,2626961,
2021-11-15,24,1542.1227267347645,851.994411110878,3.0,2,,,,,7.050229213306274,23.3471736907959,0.3088591694831848,1375,,,,,544388,
2021-11-16,20,1546.813585723156,682.9905700683594,,,,,,,9.25489430614044,21.614057540893555,0.27006322145462036,1197,,,,,629162,
2021-11-17,25,1534.309869278291,888.9099006652832,,,,,,,0.38559514247778415,0.9554162621498108,0.306690514087677,1538,,,,,403191,
2021-11-18,29,1533.539776299869,1123.0579686164856,1.0,1,,,,,0.3990994074102049,1.3486584424972534,0.2573826313018799,1970,,,,,389275,
2021-11-19,54,1545.1001126709548,1936.8454872369766,3.0,3,,,,,4.6762377581413945,22.191085815429688,0.2676779329776764,3294,,,,,598196,
2021-11-20,46,1553.4222109487791,1581.9211707115173,1.0,1,,,,,0.44735688705019855,1.200955867767334,0.2573826313018799,2752,,,,,748595,
2021-11-21,10,1536.6932389413107,376.19046211242676,,,,,,,0.31500809053441553,0.8556594252586365,0.25824224948883057,747,,,,,446264,
2021-11-22,16,1575.7754267264659,867.0348701477051,3.0,2,,,,,0.4856352559485837,2.463759422302246,0.2573826313018799,1294,,,,,1152569,
2021-11-23,19,1573.8114769738872,456.4938545227051,5.0,5,,,,,0.3179424485760369,0.716921865940094,0.30454376339912415,847,,,,327307,767094,
2021-11-24,11,1573.7965756197807,448.1426498889923,,,,,,,0.3922922933734964,0.8374907374382019,0.2676779329776764,806,,,,,478596,279718
2021-11-25,41,1655.7046410576538,1456.664300918579,2.0,2,,,,,0.4119212437775983,2.942650556564331,0.2985638380050659,2371,,,,,2597074,
2021-11-26,93,1615.1899972709457,3260.4231379032135,,,,,,,0.37227273483633916,1.8796210289001465,0.2779732346534729,5736,,,,,1864881,
2021-11-27,73,1591.1931966468462,2378.6293902397156,,,,,,,0.3351780968052926,1.2201249599456787,0.2543627619743347,4355,,,,,1431204,
2021-11-28,32,1535.988764415291,963.0228824615479,,,,,,,0.6342520434248033,3.1627588272094727,0.2779732346534729,1687,,,,,433533,
2021-11-29,21,1563.6084481126625,378.61693382263184,10.0,10,,,,,1.0763885291914663,2.01151180267334,0.3088591396808624,713,,,,660000,226962,
2021-11-30,2,1511.9999703517701,65.47814178466797,,,,,,,0.3879307359457016,0.46700233221054077,0.3088591396808624,159,,,,,,
2021-12-01,90,1632.3192343988583,3282.645377635956,3.0,2,,,,,0.5377661109065274,2.026331663131714,0.2779732346534729,5370,,,,,2174446,
2021-12-02,14,1551.8676360751247,511.4429225921631,,,,,,,0.36180673149957465,0.7335603833198547,0.302591472864151,859,,,,,,315784
2021-12-03,33,1547.5968136721247,1058.1515274047852,,,,,,,0.6358957927364814,1.2123662233352661,0.2882685363292694,1849,,,,,643317,
2021-12-04,76,1612.4205871739534,2582.8100361824036,5.0,4,,,,,3.45598708083963,15.289308547973633,0.2573826313018799,4184,,,,,1814830,
2021-12-05,9,1515.9520513875639,317.5072250366211,,,,,,,1.7870240546803593,15.432470321655273,0.3088591396808624,667,,,,,71425,
2021-12-06,27,1533.0914114625111,831.448872089386,,,,,,,2.4086531745824025,13.849675178527832,0.2573826313018799,1431,,,,,381172,
2021-12-07,29,1595.1294460322451,1393.285901069641,6.0,4,,,,,4.773230306951289,22.024839401245117,0.27834486961364746,2277,,,,,1502340,
2021-12-08,1,1511.9999670750885,51.270620346069336,,,,,,,0.43217290937900543,0.5554866790771484,0.3088591396808624,107,,,,,,
2021-12-09,41,1628.9981291246336,616.4828987121582,24.0,24,,,,,0.3002457835872585,0.5289275646209717,0.2676779329776764,1107,,,,1486906,524510,
2021-12-10,23,1511.9998846647395,630.6103074550629,,,,,,,0.4357270006356598,1.9646108150482178,0.2883220911026001,1097,,,,,,
2021-12-11,67,1550.9996800353122,2016.4915380477905,,,,,,,0.45699610271431174,1.1827994585037231,0.2985638380050659,3617,,,,,704814,
2021-12-12,11,1511.999840440561,342.2159614562988,,,,,,,0.2874045199718555,0.6086323261260986,0.2573826313018799,615,,,,,,
2021-12-13,13,1516.519715710564,383.1818313598633,,,,,,,0.5281759401582761,0.9185968637466431,0.3088591396808624,706,,,,,81683,
2021-12-14,18,1570.701382206692,631.1853260993958,,,,,,,0.3292325926735108,1.0013988018035889,0.2573826313018799,1204,,,,,1060869,
2021-12-15,4,1516.2680248453494,237.82155990600586,,,,,,,0.30847589645152146,0.7005828022956848,0.2573826313018799,503,,,,,77135,
2021-12-16,,1511.9999990138685,17.91383171081543,,,,,,,0.2985638380050659,0.2985638380050659,0.2985638380050659,172,,,,,,
2021-12-17,3,1520.6236466692455,154.42958545684814,,,,,,,0.3395114193101337,0.6573373079299927,0.3088591396808624,273,,,,,155848,
2021-12-18,19,1526.4376884016629,966.8733406066895,4.0,4,,,,,0.5261791032072644,1.4945991039276123,0.2573826313018799,1673,,,,,260923,
2021-12-19,7,1524.7756392085653,281.6795644760132,,,,,,,0.3210874297526413,0.5065790414810181,0.2663499712944031,510,,,,,230886,
2021-12-20,41,1604.63706235197,1559.4476251602173,,,,,,,0.8880254135540466,3.0274856090545654,0.26931387186050415,2677,,,,,1674164,
2021-12-21,28,1570.3002405641435,914.8218908309937,,,,,,,1.330873189223214,5.1377153396606445,0.2985638380050659,1598,,,,,1053620,
2021-12-22,43,1591.4178998557034,1679.872269153595,,,,,,,3.0392143856242666,23.507286071777344,0.27531513571739197,2898,,,,,1435265,
2021-12-23,5,1520.9907301189326,161.22448539733887,,,,,,,6.607254078441876,23.633825302124023,0.3088591694831848,334,,,,,162485,
2021-12-24,26,1519.950895793293,814.4610471725464,,,,,,,0.33147626654815465,1.0306155681610107,0.2985638380050659,1407,,,,,143692,
2021-12-25,59,1630.3088748126654,2062.476421356201,8.0,6,,,,,5.1599010452369924,24.28232765197754,0.2573826313018799,3068,,,,,2138115,
2021-12-26,14,1522.965143673142,424.1308641433716,,,,,,,0.3173998611657356,0.9149758219718933,0.2779732346534729,728,,,,,198165,
2021-12-27,4,1513.673746219208,120.45508003234863,,,,,,,1.9164163241802858,3.8112411499023438,0.289380818605423,321,,,,,30248,
2021-12-28,2,1511.9999675388142,95.12862396240234,,,,,,,0.32768344858522364,0.46781957149505615,0.29782724380493164,251,,,,,,
2021-12-29,31,1548.5499884944993,975.9949703216553,,,,,,,0.6175379377565272,10.262507438659668,0.27134671807289124,1761,,,,,660543,
2021-12-30,57,1675.8850217708962,1984.414644241333,4.0,3,,,,,0.3907263356585586,1.7236766815185547,0.2656724154949188,3284,,,,,2961779,
2021-12-31,5,1511.99997680756,102.54124641418457,,,,,,,0.3395315977544728,0.42548540234565735,0.3088591694831848,182,,,,,,
2022-01-01,6,1519.6247369392415,231.02665519714355,,,,,,,0.33457203585185835,0.5156791806221008,0.2676779329776764,426,,,,,137797,
2022-01-02,12,1514.9022892609287,388.5448360443115,,,,,,,0.34269785895143756,0.6900888681411743,0.3088591396808624,818,,,,,52453,
2022-01-03,11,1522.902459965827,382.3676528930664,,,,,,,0.32882170442150815,0.7247875928878784,0.2676779329776764,691,,,,,197034,
2022-01-04,17,1520.3258449863165,670.8421182632446,,,,,,,0.3916251107340112,0.7977631092071533,0.2676779329776764,1347,,,,,150469,
2022-01-05,12,1530.620289654016,291.56304931640625,,,,,,,0.30462711701517664,0.3091421127319336,0.2676779329776764,567,,,,,336512,
2022-01-06,9,1518.7505411592788,292.79849433898926,,,,,,,5.46372680443045,12.09595012664795,0.3088591694831848,525,,,,,121999,
2022-01-07,2,1528.1988527510262,84.00969409942627,,,,,,,0.28776742357153684,0.595957338809967,0.2573826313018799,196,,,,,292751,
2022-01-08,10,1522.8693662299054,323.68440437316895,,,,,,,0.391324644841394,0.8556137681007385,0.2779732346534729,684,,,,,196435,
2022-01-09,27,1586.1685669735173,1122.1864824295044,,,,,,,1.8004045792015566,12.77517032623291,0.2573826313018799,1991,,,,,1340398,
2022-01-10,,1511.999918690757,,,,,,,,,,,62,,,,,,
2022-01-11,12,1524.9888930898678,393.48658180236816,,,,,,,0.3127970060376353,0.639610767364502,0.25615814328193665,736,,,,,234741,
2022-01-12,,1511.9999333256235,,,,,,,,,,,15,,,,,,
2022-01-13,11,1537.6772005254638,340.36280250549316,,,,,,,0.6529722044290962,12.618252754211426,0.3047843277454376,617,,,,,464048,
2022-01-14,,1511.9999471920128,,,,,,,,,,,32,,,,,,
2022-01-15,12,1528.2394881564692,447.00286865234375,,,,,,,2.2135954855059365,11.917887687683105,0.2676779329776764,731,,,,,293486,
2022-01-16,24,1577.01350619025,1283.032512664795,5.0,4,,,,,0.7545514252553923,2.4572489261627197,0.3088591694831848,2017,,,,,1173998,
2022-01-17,3,1473.2466681373744,105.6298360824585,,,,,,,0.33020180093563134,0.6154313683509827,0.3088591396808624,269,,,,,,
2022-01-18,,1511.999897070941,,,,,,,,,,,,,,,,,
2022-01-19,29,1568.2824113697754,1026.0301494598389,,,,,,,0.4277480574051808,0.6948755383491516,0.2779732346534729,1849,,,,,1017154,
2022-01-20,15,1557.2754002475722,575.3247377872467,1.0,1,,,,,0.34059662991894424,1.4285306930541992,0.3088591396808624,1015,,,,,818231,
2022-01-21,21,1546.8709507931324,921.6110515594482,1.0,1,,,,,1.6956027205529527,7.354629993438721,0.26663661003112793,1551,,,,,630199,
2022-01-22,3,1524.5930831759715,123.14553833007812,,,,,,,0.3439056410320334,1.1061956882476807,0.3088591396808624,315,,,,,227587,
2022-01-23,,1511.9999842987281,,,,,,,,,,,23,,,,,,
2022-01-24,12,1555.0564400859398,419.43074798583984,,,,,,,0.4114252231285953,0.7978901863098145,0.3088591396808624,709,,,,,778130,
2022-01-25,9,1521.4326761924046,287.2390275001526,,,,,,,0.7580827398680572,6.6039252281188965,0.2573826313018799,672,,,,,170471,
2022-01-26,11,1517.4622817327206,417.57759857177734,,,,,,,0.9595437985055727,9.277438163757324,0.24966812133789062,946,,,,,98717,
2022-01-27,19,1527.74625184695,662.5528774261475,,,,,,,1.0797755282088037,10.789334297180176,0.2779732346534729,1200,,,,,284573,
2022-01-28,11,1526.9426363517684,469.44148445129395,2.0,2,,,,,2.274273782562177,6.124478340148926,0.2580212354660034,780,,,,,270049,
2022-01-29,9,1511.999931137147,361.03382682800293,,,,,,,0.3140623009475083,1.1636216640472412,0.2676779329776764,713,,,,,,
2022-01-30,16,1531.8572180784508,519.2482032775879,,,,,,,0.320386063765763,0.9217172265052795,0.2779732346534729,877,,,,,358866,
2022-01-31,26,1526.8257365511458,915.0007786750793,,,,,,,0.4260470798883993,1.2042207717895508,0.2573826313018799,1766,,,,,267936,
2022-02-01,12,1530.0906341225395,424.2015075683594,,,,,,,0.3477439651490921,1.1072838306427002,0.2676779329776764,916,,,,,326939,
2022-02-02,4,1511.9999028322027,150.10555839538574,,,,,,,0.32737438259866347,0.6539495587348938,0.2676779329776764,328,,,,,,
2022-02-03,4,1511.9999078193825,141.4443588256836,,,,,,,0.38492495139495786,1.0593693256378174,0.2573826313018799,322,,,,,,
2022-02-04,5,1511.9999864109118,158.75361442565918,,,,,,,0.3328256574797403,0.44518038630485535,0.2573826313018799,257,,,,,,
2022-02-05,31,1567.4161175952227,1206.812080025673,1.0,1,,,,,0.9522249515801401,13.03010368347168,0.2573826313018799,2108,,,,,1001498,
2022-02-06,27,1528.0387640824588,1084.3295669555664,,,,,,,0.7307267095647124,13.300936698913574,0.2573826313018799,1827,,,,,289857,
2022-02-07,6,1522.9919044900457,192.7062931060791,,,,,,,0.5782301125541864,1.2892309427261353,0.3088591396808624,358,,,,,198650,
2022-02-08,27,1577.5403550067801,901.9341673851013,,,,,,,0.850641931441545,1.8849360942840576,0.2573826313018799,1661,,,,,1184467,
2022-02-09,6,1513.6695238730824,208.788800239563,,,,,,,2.727938255970689,19.66748046875,0.2676779329776764,506,,,,,30172,
2022-02-10,5,1519.680595314452,201.993896484375,,,,,,,0.35904699962493913,0.764971911907196,0.3088591396808624,399,,,,,138806,
2022-02-11,18,1579.5703022972202,715.5044775009155,,,,,,,0.33778735004212795,1.1945693492889404,0.3059232831001282,1187,,,,,1221151,
2022-02-12,,1511.9999908053323,,,,,,,,,,,23,,,,,,
2022-02-13,10,1517.1413455178379,340.98052406311035,,,,,,,0.8012297147611263,6.049345970153809,0.2967560589313507,579,,,,,92917,
2022-02-14,2,1511.9998942054385,119.83735847473145,,,,,,,0.30574745823505084,0.31502166390419006,0.2985638380050659,303,,,,,,
2022-02-15,9,1525.0658638924292,351.6079788208008,,,,,,,0.38622894446715933,1.0249438285827637,0.2573826313018799,771,,,,,236131,
2022-02-16,2,1511.9999866858657,104.39439964294434,,,,,,,0.36977817118167877,0.4306972026824951,0.3088591396808624,250,,,,,,
2022-02-17,42,1607.6857542264706,1488.1143091917038,15.0,13,,,,,0.3833553387514947,2.9646682739257812,0.2573826313018799,2420,,,,622172,1063988,
2022-02-18,20,1515.5870215693635,806.065432548523,,,,,,,3.166888250852438,19.21509552001953,0.27318575978279114,1377,,,,,64827,
2022-02-19,15,1545.0153279409099,474.3440103530884,,,,,,,3.770287017442216,10.998069763183594,0.3088591694831848,873,,,,,596662,
2022-02-20,66,1665.295068649886,2858.223510503769,11.0,9,,,,,3.3447767958573866,17.362382888793945,0.2573826313018799,4405,,,,,2770392,
2022-02-21,19,1524.8493655245043,620.1432809829712,,,,,,,5.796810726700883,14.808558464050293,0.2882685363292694,1109,,,,,232218,
2022-02-22,42,1536.7686655225377,1391.2823114395142,,,,,,,0.6584295144789104,9.731338500976562,0.2573826313018799,2481,,,,,447626,
2022-02-23,40,1569.5217046330713,1492.840262889862,2.0,2,,,,,0.9012785810095951,12.136120796203613,0.26695388555526733,2444,,,,,1033062,
2022-02-24,,1511.9999880254986,,,,,,,,,,,30,,,,,,
2022-02-25,62,1706.4922642156002,1223.139142036438,35.0,34,,,,,0.6607732393310239,3.939373016357422,0.2985638380050659,2043,,,,2018898,1356161,
2022-02-26,64,1705.022503496855,623.2324075698853,47.0,47,,,,,0.9805643593301658,2.626845121383667,0.3088591396808624,1001,,,,3035389,242022,
2022-02-27,3,1515.0756492396397,101.92352867126465,,,,,,,9.741055751623,21.84566879272461,0.3088591396808624,281,,,,,55586,
2022-02-28,52,1616.1362690477272,2399.438126564026,8.0,6,,,,,6.380331927587944,19.244295120239258,0.2779732346534729,3783,,,,,1881983,
2022-03-01,18,1514.8807048804817,662.3621740341187,2.0,1,,,,,0.522164613220166,4.115408897399902,0.30388015508651733,1021,,,,,52063,
2022-03-02,3,1511.9999260624825,102.54124307632446,,,,,,,4.459353664466603,10.60533618927002,0.3088591396808624,276,,,,,,
2022-03-03,43,1644.5590581992637,1614.2049732208252,2.0,2,,,,,0.6436873553274791,7.901366233825684,0.25193941593170166,2717,,,,,2395648,
2022-03-04,12,1511.999910084941,519.3127317428589,,,,,,,0.5046896672134618,4.45150089263916,0.2573826313018799,1035,,,,,,
2022-03-05,21,1511.999996532214,896.6347217559814,,,,,,,0.49012059820238696,1.0342888832092285,0.2882685363292694,1460,,,,,,
2022-03-06,18,1537.2693679186732,836.8477325439453,1.0,1,,,,,0.6840109623979908,1.194819450378418,0.3088591396808624,1438,,,,,456676,
2022-03-07,6,1511.9999868790783,193.34584045410156,,,,,,,0.45720499436463885,0.6076828837394714,0.3088591396808624,398,,,,,,
2022-03-08,14,1529.6129765231403,489.23292207717896,,,,,,,0.8514206307666407,3.6171209812164307,0.27150580286979675,876,,,,,318308,
2022-03-09,2,1511.9999217118504,57.447805404663086,,,,,,,0.3076332285059051,0.3088591694831848,0.2985638380050659,242,,,,,,
2022-03-10,18,1532.7622131289836,546.6807265281677,,,,,,,0.3327435216043828,0.6650693416595459,0.2882685363292694,1000,,,,,375221,
2022-03-11,30,1511.9999845380817,964.9467945098877,,,,,,,0.35488404786546623,0.8732399940490723,0.2573826313018799,1704,,,,,,
2022-03-12,,1511.9999827970419,,,,,,,,,,,170,,,,,,
2022-03-13,,1511.9999646249169,37.063100814819336,,,,,,,0.28312090039253235,0.3088591694831848,0.2573826313018799,126,,,,,,
2022-03-14,13,1518.5362202826568,537.3560047149658,4.0,4,,,,,0.6950761804935488,1.112670660018921,0.3088591396808624,897,,,,110471,,
2022-03-15,,1511.9999162143918,20.38470458984375,,,,,,,0.3088591694831848,0.3088591694831848,0.3088591694831848,248,,,,,,
2022-03-16,27,1554.2399380984268,594.2450399398804,11.0,11,,,,,0.32532260076862807,0.7868659496307373,0.2573826313018799,1084,,,,713916,,
2022-03-17,8,1511.9998965408781,311.3420829772949,,,,,,,0.5637484104998566,2.517261505126953,0.2779732346534729,596,,,,,,
2022-03-18,3,1511.9999585906567,96.36406135559082,,,,,,,0.6679810699595202,4.921959400177002,0.2676779329776764,339,,,,,,
2022-03-19,2,1511.999926945932,132.80944442749023,,,,,,,0.2903388435836448,0.7869391441345215,0.2676779329776764,559,,,,,,
2022-03-20,3,1526.1796901675812,153.8118667602539,,,,,,,0.2899374047569974,0.3088591694831848,0.2573826313018799,417,,,,,256261,
2022-03-21,,1511.99988939865,,,,,,,,,,,13,,,,,,
2022-03-22,74,1695.276988698764,2444.0564699172974,5.0,4,,,,,0.3970795279785343,2.11315655708313,0.2779732346534729,3902,,,,,3312236,
2022-03-23,24,1511.9999195519713,688.3956470489502,,,,,,,0.4905946441460201,1.0566015243530273,0.3088591396808624,1188,,,,,,
2022-03-24,43,1606.3522545953776,1459.387680053711,,,,,,,0.3722094068042842,1.3295778036117554,0.2676779329776764,2532,,,,,936682,336812
2022-03-25,34,1582.8556469594823,1260.556022644043,,,,,,,6.321603524196882,24.383373260498047,0.2573826313018799,2079,,,,,1280524,
2022-03-26,18,1546.8008210408561,632.8758878707886,2.0,2,,,,,0.5734754429081715,1.2879598140716553,0.2985638380050659,995,,,,,628931,
2022-03-27,,1512.0000183999239,,,,,,,,,,,13,,,,,,
2022-03-28,,1512.0000288408332,,,,,,,,,,,21,,,,,,
2022-03-29,50,1578.4348738224376,2304.8592672348022,9.0,7,,,,,0.36941554685299377,2.7360384464263916,0.2573826313018799,3557,,,,,1200631,
2022-03-30,,1511.9999390668067,22.23785972595215,,,,,,,0.3088591396808624,0.3088591396808624,0.3088591396808624,61,,,,,,
2022-03-31,7,1511.9999426175573,201.99389839172363,,,,,,,0.3185887170529233,0.5953938961029053,0.3088591396808624,420,,,,,,
2022-04-01,,1511.999995320627,32.739070892333984,,,,,,,0.3088591694831848,0.3088591694831848,0.3088591694831848,53,,,,,,
2022-04-02,1,1512.000016154645,52.32308614253998,,,,,,,0.43931073259840003,0.5916107892990112,0.3088591694831848,104,,,,,,
2022-04-03,,1133.8140295573976,,,,,,,,,,,71,,,,,,
2022-04-04,,1511.9999514184794,,,,,,,,,,,,,,,,,
2022-04-05,16,1536.0158741907417,389.78027534484863,,,,,,,0.36430814703297537,0.4228672981262207,0.3088591396808624,687,,,,,434023,
2022-04-06,21,1519.8724548070986,804.2692728042603,,,,,,,0.38995546445199913,5.31810998916626,0.2779732346534729,1522,,,,,142275,
2022-04-07,,1511.9999539070063,,,,,,,,,,,85,,,,,,
2022-04-08,5,1516.2463444341602,129.10313415527344,,,,,,,0.3424372225999832,0.3760152757167816,0.3088591694831848,303,,,,,76742,
2022-04-09,,1511.9999211369404,,,,,,,,,,,53,,,,,,
2022-04-10,,1511.999952014889,,,,,,,,,,,25,,,,,,
2022-04-11,23,1541.9498072922393,541.1212673187256,7.0,7,,,,,0.35329074209617756,1.0717519521713257,0.2573826313018799,962,,,,506195,,
2022-04-12,,1511.9999597977835,19.149269104003906,,,,,,,0.3088591694831848,0.3088591694831848,0.3088591694831848,65,,,,,,
2022-04-13,19,1535.933646174918,460.71594429016113,7.0,7,,,,,0.37191695800940167,1.5544204711914062,0.2573826313018799,814,,,,404513,,
2022-04-14,46,1643.2353357131717,1702.3666911125183,2.0,2,,,,,0.46785952287970567,3.3323116302490234,0.2985638380050659,2771,,,,,2371723,
2022-04-15,2,1511.9999703479052,74.74391961097717,,,,,,,0.6324741181541587,9.237228393554688,0.3088591396808624,203,,,,,,
2022-04-16,4,1511.9999530365044,163.07764434814453,,,,,,,0.3894738007168151,0.5489214062690735,0.2573826313018799,413,,,,,,
2022-04-17,,1511.9998818659349,24.091014862060547,,,,,,,0.3088591694831848,0.3088591694831848,0.3088591694831848,233,,,,,,
2022-04-18,,1511.9999004879585,31.50363540649414,,,,,,,0.26253028213977814,0.2676779329776764,0.2573826313018799,68,,,,,,
2022-04-19,17,1557.2003801386336,569.7252674102783,1.0,1,,,,,3.3242864440154443,12.049398422241211,0.2573826313018799,894,,,,,816876,
2022-04-20,,1511.9999679524508,16.678394317626953,,,,,,,0.2779732346534729,0.2779732346534729,0.2779732346534729,103,,,,,,
2022-04-21,,1511.9999840815096,15.44295883178711,,,,,,,0.2573826313018799,0.2573826313018799,0.2573826313018799,117,,,,,,
2022-04-22,32,1615.7019269638533,1045.0848355293274,,,,,,,0.661214426819715,1.2780863046646118,0.2779732346534729,1777,,,,,1874132,
2022-04-23,13,1511.9999174276968,430.13593661785126,,,,,,,0.7500668051927369,2.3002936840057373,0.3088591396808624,739,,,,,,
2022-04-24,,1511.999867272846,,,,,,,,,,,53,,,,,,
2022-04-25,20,1516.6577336245484,768.9072895050049,2.0,1,,,,,0.48340467744909066,1.821455478668213,0.2985638380050659,1449,,,,,84177,
2022-04-26,1,1511.9999873148429,88.33372282981873,,,,,,,0.38183686034028097,12.391423225402832,0.26672253012657166,168,,,,,,
2022-04-27,,1511.9999777882822,16.678394317626953,,,,,,,0.2779732346534729,0.2779732346534729,0.2779732346534729,54,,,,,,
2022-04-28,33,1549.7665609532996,1089.0141668319702,,,,,,,0.3764026202152538,0.9475981593132019,0.2573826313018799,1901,,,,,682530,
2022-04-29,3,1511.9998916972202,102.89291763305664,,,,,,,0.7363535165786743,0.8922139406204224,0.5804930925369263,251,,,,,,
2022-04-30,31,1582.5818859416577,1088.3235310316086,1.0,1,,,,,0.4659287301816418,1.219970464706421,0.3055468499660492,1749,,,,,1275578,
2022-05-01,,1511.999988562944,16.678394317626953,,,,,,,0.2779732346534729,0.2779732346534729,0.2779732346534729,92,,,,,,
2022-05-02,40,1522.6591004804677,1174.2830905914307,1.0,1,,,,,1.5028401428033142,10.478776931762695,0.2676779329776764,1933,,,,,192636,
2022-05-03,17,1511.9999133877998,610.518214225769,,,,,,,0.2977590066533458,0.8739998936653137,0.2676779329776764,1052,,,,,,
2022-05-04,,1511.999957945464,30.88591766357422,,,,,,,0.2573826313018799,0.2573826313018799,0.2573826313018799,101,,,,,,
2022-05-05,,1512.0000037082805,16.06067657470703,,,,,,,0.2676779329776764,0.2676779329776764,0.2676779329776764,81,,,,,,
2022-05-06,27,1529.4582517846422,1153.7807350158691,2.0,1,,,,,0.45788239875902587,5.828918933868408,0.2573826313018799,1896,,,,,315513,
2022-05-07,38,1511.9998824466177,1204.9609162807465,,,,,,,0.3641839804080657,0.9300075173377991,0.2676779329776764,2202,,,,,,
2022-05-08,9,1511.9999299046628,229.1735019683838,,,,,,,0.35390617229640753,0.5489943623542786,0.2702012360095978,542,,,,,,
2022-05-09,25,1558.6327305568695,1238.8244905471802,6.0,4,,,,,1.8982353606009048,4.294675350189209,0.3088591694831848,1811,,,,,842761,
2022-05-10,,1511.9999075121748,16.678394317626953,,,,,,,0.2779732346534729,0.2779732346534729,0.2779732346534729,103,,,,,,
2022-05-11,69,1607.69771998293,2748.0178537368774,6.0,5,,,,,0.4823431544915097,2.5039374828338623,0.2573826313018799,4520,,,,258040,1453562,
2022-05-12,32,1580.809307681217,1146.3323105573654,,,,,,,0.3429886088447626,0.9983933568000793,0.2882685363292694,2138,,,,,1243543,
2022-05-13,36,1526.8792110172894,1496.3849239349365,,,,,,,0.3422990851999384,1.0753222703933716,0.26198750734329224,2675,,,,,268903,
2022-05-14,51,1588.2476597728612,1947.7866492271423,4.0,2,,,,,0.3616745072729779,4.805582523345947,0.2676779329776764,3150,,,,,1377972,
2022-05-15,,1511.9998466867887,9.883493423461914,,,,,,,0.3144187033176422,0.3144187033176422,0.3144187033176422,77,,,,,,
2022-05-16,65,1633.3062737860107,1577.0349111557007,21.0,21,,,,,1.007228702936563,12.0563383102417,0.2563208341598511,2792,,,,1320312,780506,
2022-05-17,3,1528.4090177651715,146.88354682922363,,,,,,,0.8470410832041849,1.086578607559204,0.29478317499160767,280,,,,,296550,
2022-05-18,,1512.0000195191292,16.678394317626953,,,,,,,0.554539829492569,0.831106424331665,0.2779732346534729,257,,,,,,
2022-05-19,,1512.0000215792388,109.9538631439209,,,,,,,0.2942927407532323,0.3088591694831848,0.2779732346534729,445,,,,,,
2022-05-20,23,1566.533839443623,428.59210777282715,15.0,15,,,,,0.34290983370094896,1.3479385375976562,0.2573826313018799,764,,,,921699,,
2022-05-21,75,1644.761807078846,3058.245774269104,10.0,7,,,,,0.4226890501077834,2.693673849105835,0.2573826313018799,4939,,,,,2399311,
2022-05-22,,1511.9999321716532,23.473297119140625,,,,,,,0.3088591694831848,0.3088591694831848,0.3088591694831848,222,,,,,,
2022-05-23,1,1511.9999591933172,48.18202877044678,,,,,,,0.34428945259767035,0.5822896957397461,0.2779732346534729,285,,,,,,
2022-05-24,77,1716.0254363519384,2847.926802635193,26.0,25,,,,,0.6174411839105742,3.498586654663086,0.2998388409614563,4532,,,,1000127,2617794,
2022-05-25,,1512.0000463294466,,,,,,,,,,,16,,,,,,
2022-05-26,,1511.999931956993,16.06067657470703,,,,,,,0.2676779329776764,0.2676779329776764,0.2676779329776764,64,,,,,,
2022-05-27,29,1573.8495590345012,925.6198272705078,,,,,,,0.34968744063575785,0.9802866578102112,0.2676779329776764,1690,,,,,1117765,
2022-05-28,7,1531.1536740793124,247.70505046844482,,,,,,,0.3960162110865819,2.7557873725891113,0.3088591396808624,529,,,,,346151,
2022-05-29,25,1601.602676266335,279.82641220092773,19.0,19,,,,,0.3817335014045838,0.7750145792961121,0.2573826313018799,619,,,,1173579,364445,
2022-05-30,22,1529.2887561783284,917.2066841125488,3.0,3,,,,,0.31575790126253606,2.586209535598755,0.2676779329776764,1496,,,,,312448,
2022-05-31,34,1614.737718894094,1786.721040725708,7.0,5,,,,,0.5087141667307508,4.708145618438721,0.2573826313018799,2618,,,,,1856705,
2022-06-01,1,1511.9999842622794,51.88833999633789,,,,,,,0.3088591396808624,0.3088591396808624,0.3088591396808624,145,,,,,,
2022-06-02,1,1511.9999467559394,72.27304697036743,,,,,,,0.319938390245113,0.38932257890701294,0.30344000458717346,117,,,,,,
2022-06-03,1,1512.0000005725146,61.77183151245117,,,,,,,0.4554959386587143,0.6021327376365662,0.3088591396808624,267,,,,,,
2022-06-04,15,1548.9568812641614,733.6026668548584,2.0,2,,,,,0.6878053302246326,3.5325379371643066,0.3088591694831848,1081,,,,,667896,
2022-06-05,16,1560.530613883153,213.99980354309082,11.0,11,,,,,0.5478667887297726,0.893555223941803,0.2985638380050659,457,,,,736072,89996,
2022-06-06,14,1554.4071148465569,179.1383171081543,10.0,10,,,,,0.298027369821233,0.324891597032547,0.2676779329776764,400,,,,654968,66052,
2022-06-07,35,1623.06335273371,1080.756314277649,,,,,,,1.4548056075717712,11.279215812683105,0.3088591396808624,1825,,,,,2007170,
2022-06-08,4,1517.889894794974,210.18818378448486,,,,,,,0.6781966162217025,1.8223029375076294,0.2779732346534729,530,,,,,106445,
2022-06-09,12,1564.0248132341458,90.18687796592712,11.0,11,,,,,2.0159552119352706,4.56830358505249,0.3074840307235718,285,,,,744395,144244,
2022-06-10,2,1511.9999437892952,42.62256622314453,,,,,,,0.4178372025489807,0.4178372025489807,0.4178372025489807,163,,,,,,
2022-06-11,24,1552.4054645983776,837.9357333183289,,,,,,,0.34541659750333936,1.059308409690857,0.257694810628891,1354,,,,,730219,
2022-06-12,,1511.999993276643,,,,,,,,2.626567425985166,5.298550605773926,0.8477475047111511,12,,,,,,
2022-06-13,57,1625.0683269959495,1889.2597064971924,,,,,,,0.36481311433322383,0.9691582918167114,0.2790353298187256,3095,,,,,2043405,
2022-06-14,4,1522.4952044142356,155.66501903533936,,,,,,,0.4765603360976049,0.6452392339706421,0.2779732346534729,280,,,,,189674,
2022-06-15,56,1669.7899135994635,660.340901017189,37.0,37,,,,,0.32243716090346314,0.7856362462043762,0.2985638380050659,1362,,,,2394085,291686,
2022-06-16,44,1602.7827130965577,977.2178974151611,14.0,14,,,,,0.37227402708259544,0.9286807775497437,0.2573826313018799,1758,,,,897722,680740,
2022-06-17,5,1521.063666138485,242.14558792114258,,,,,,,0.3723720712325593,0.7572676539421082,0.2573826313018799,455,,,,,163802,
2022-06-18,52,1647.5933054299994,1985.4902958869934,1.0,1,,,,,2.005133729075165,14.41058349609375,0.3064497709274292,3211,,,,,2450484,
2022-06-19,10,1517.7753128404581,359.93724060058594,,,,,,,1.1754156001333318,2.099356174468994,0.3088591396808624,671,,,,,104374,
2022-06-20,25,1592.1888842234998,968.6172833442688,,,,,,,1.8247306069561053,14.192296981811523,0.2676779329776764,1678,,,,,1449199,
2022-06-21,15,1539.2406413525453,468.97346687316895,,,,,,,0.3120117478917443,1.7959706783294678,0.29954683780670166,785,,,,,492302,
2022-06-22,,1511.999977083934,,,,,,,,5.730597496032715,5.730597496032715,5.730597496032715,36,,,,,,
2022-06-23,56,1668.4281709205165,1612.307065486908,13.0,13,,,,,0.5288214136907973,1.1525795459747314,0.2779732346534729,2697,,,,877022,1889237,
2022-06-24,16,1563.8660633618244,243.88582944869995,10.0,10,,,,,0.2840483286540309,0.7812787294387817,0.25458037853240967,447,,,,650199,242097,
2022-06-25,18,1546.658600937656,921.2832298278809,4.0,4,,,,,0.6009603506632357,2.013455390930176,0.3088591396808624,1443,,,,,606814,
2022-06-26,20,1519.8466057404069,867.4198293685913,3.0,2,,,,,0.37666051441037857,1.8508169651031494,0.2510146498680115,1425,,,,,141808,
2022-06-27,61,1685.8872702618528,929.6660943031311,32.0,32,,,,,0.5743594607486847,15.975664138793945,0.3043699562549591,1694,,,,2063434,936160,
2022-06-28,51,1653.2428803676223,1585.0652513504028,,,,,,,0.45821054670205286,0.8543821573257446,0.2698340117931366,2789,,,,,2552583,
2022-06-29,15,1547.285819720039,323.9088327884674,11.0,10,,,,,0.4988909166506845,1.6641262769699097,0.3088591694831848,488,,,,596380,,
2022-06-30,71,1745.3169997307828,371.24872064590454,60.0,60,,,,,0.37162338282494095,0.760140597820282,0.30214470624923706,669,,,,3802207,150960,
2022-07-01,40,1661.2948139077853,105.6298360824585,39.0,39,,,,,0.30571102619378454,0.3101296126842499,0.3021208345890045,278,,,,2494993,30261,
2022-07-02,51,1676.967159170263,224.23175811767578,44.0,44,,,,,0.3458679547610524,2.704653739929199,0.2676779329776764,394,,,,2788179,,
2022-07-03,32,1604.1791729427064,321.2135372161865,22.0,22,,,,,0.33574493524814714,0.8091967701911926,0.2676779329776764,701,,,,1416772,150969,
2022-07-04,22,1584.5835228917783,166.16623449325562,18.0,18,,,,,0.2911177254578755,4.094615459442139,0.2573826313018799,345,,,,1142062,90571,
2022-07-05,39,1664.5108212643693,143.9283709526062,36.0,36,,,,,0.7103232788053324,3.0408802032470703,0.3088591694831848,365,,,,2319952,275549,
2022-07-06,29,1625.1901532951613,92.0400321483612,27.0,27,,,,,0.3566838667245481,0.7478989958763123,0.26723700761795044,243,,,,1825615,93518,
2022-07-07,81,1788.9005236638584,497.8809814453125,68.0,68,,,,,0.44543317163544743,2.5792734622955322,0.3054235279560089,857,,,,4301506,404725,
2022-07-08,27,1592.7710026024747,357.1319217681885,19.0,19,,,,,0.44502002695360066,0.7730025053024292,0.2779732346534729,714,,,,1205760,170426,
2022-07-09,24,1576.6490070320726,315.3123254776001,16.0,16,,,,,0.42518094812875085,0.9216485619544983,0.2676779329776764,618,,,,1025109,72230,
2022-07-10,20,1587.2470113935042,58.68324089050293,20.0,20,,,,,0.2860013426510263,0.3088591694831848,0.2573826313018799,167,,,,1271781,,
2022-07-11,34,1609.6135854638994,647.9596061706543,19.0,19,,,,,0.42248002339706764,1.030160665512085,0.2882685363292694,1145,,,,1201147,479743,
2022-07-12,55,1643.478458651342,1092.2708628177643,32.0,32,,,,,0.3864642775491078,2.5083954334259033,0.2973999083042145,1891,,,,1860806,386401,
2022-07-13,102,1683.2221115642678,2789.39768075943,25.0,24,,,,,0.49561329833662704,3.2643332481384277,0.25900137424468994,4748,,,,1468996,1523613,
2022-07-14,16,1574.4626225766274,510.4534430503845,,,,,,,0.3139112643074437,1.0628689527511597,0.2985638380050659,880,,,,,1128843,
2022-07-15,3,1518.8964673669204,212.49510860443115,,,,,,,0.3460509320883146,0.8374327421188354,0.2526620924472809,531,,,,,124636,
2022-07-16,33,1587.209395788024,539.8858232498169,18.0,18,,,,,0.3058934591278899,0.6893916726112366,0.2573826313018799,1009,,,,1130046,150875,
2022-07-17,39,1547.601525544018,1292.758445739746,,,,,,,0.38918103103072205,1.0859529972076416,0.2676779329776764,2324,,,,,643402,
2022-07-18,8,1511.9999903256564,298.40838050842285,1.0,1,,,,,0.3310348901553874,1.4967929124832153,0.3068590462207794,496,,,,,,
2022-07-19,32,1530.5547858726243,978.2233285903931,,,,,,,0.36641201750983105,0.8171873688697815,0.26892656087875366,1733,,,,,335328,
2022-07-20,47,1617.0647594612483,1182.6983246803284,18.0,18,,,,,0.31205375794836365,1.0905078649520874,0.2573826313018799,2015,,,,1144666,674797,
2022-07-21,26,1520.9159447769075,764.1175842285156,,,,,,,0.3857264515559011,0.7858518958091736,0.3088591396808624,1452,,,,,161132,
2022-07-22,16,1519.8257324492106,698.2264556884766,,,,,,,0.3404868660958506,1.0718363523483276,0.2882685363292694,1176,,,,,141431,
2022-07-23,60,1619.1411017812131,2087.518095612526,8.0,7,,,,,0.5575251878482659,5.175171852111816,0.2882685363292694,3438,,,,396994,1511360,
2022-07-24,96,1631.422379864042,2574.369379043579,22.0,22,,,,,0.5330683848982485,2.5603229999542236,0.25285089015960693,4479,,,,1385777,676457,
2022-07-25,100,1689.0520196991515,2848.5498911147924,19.0,19,,,,,0.4841126402314867,9.563538551330566,0.2573826313018799,4685,,,,1166469,1952458,
2022-07-26,52,1644.1291509854736,1310.3844327921063,12.0,12,,,,,0.5491926909640897,6.604915618896484,0.24477192759513855,2270,,,,799628,1532855,
2022-07-27,27,1533.7154839459554,878.3954703807831,,,,,,,0.5449504714333807,7.555980205535889,0.2676779329776764,1532,,,,,392448,
2022-07-28,38,1568.1658442467133,945.0148037672043,10.0,10,,,,,2.691181290973708,15.942496299743652,0.25759172439575195,1560,,,,670084,298540,
2022-07-29,3,1511.9999912819464,138.9866247177124,,,,,,,0.29947695919431855,0.6344994902610779,0.2713080942630768,276,,,,,,
2022-07-30,33,1567.3641141703288,1101.4297761917114,,,,,,,0.33710260304813094,0.8465049862861633,0.2573826313018799,2133,,,,,1000557,
2022-07-31,7,1528.8529984897518,209.94190979003906,,,,,,,0.31642404494756826,0.9211105704307556,0.3088591396808624,510,,,,,304572,
2022-08-01,42,1593.7005688970182,932.7546939849854,14.0,14,,,,,0.35629505020111296,2.3089053630828857,0.2676779329776764,1734,,,,896450,517964,
2022-08-02,17,1522.103386952524,597.7956705093384,,,,,,,0.8012763260013275,9.456915855407715,0.30573534965515137,1109,,,,,182592,
2022-08-03,37,1548.525631087083,1369.8083491325378,,,,,,,0.5246556436369147,4.596799850463867,0.2573826313018799,2423,,,,,660101,
2022-08-04,97,1693.9746771110113,2372.0582180023193,36.0,35,,,,,0.39414279593363877,4.169313430786133,0.2676779329776764,4072,,,,2091499,1052310,
2022-08-05,93,1773.5388422966598,1709.0811715126038,47.0,47,,,,,0.4577094821644733,3.128554105758667,0.2797422409057617,2812,,,,2945691,1576847,
2022-08-06,25,1588.2192069672142,934.0817432403564,,,,,,,0.3307516154154343,0.8066021800041199,0.2779732346534729,1701,,,,,1377458,
2022-08-07,27,1517.3905056927485,1021.9125919342041,3.0,2,,,,,0.367659016434212,2.301114559173584,0.3088591396808624,1699,,,,,97419,
2022-08-08,88,1785.875593619573,3999.4498488903046,51.0,42,,,,,0.45546654487976185,4.066181182861328,0.24969303607940674,5649,,,,1343362,3506532,
2022-08-09,16,1528.4711479748985,606.7076429128647,,,,,,,0.32199094229136355,1.1407263278961182,0.25745755434036255,1094,,,,,297673,
2022-08-10,82,1725.5298357627298,767.8238954544067,55.0,55,,,,,0.4126602059409722,1.259501576423645,0.2573826313018799,1331,,,,3416941,205318,
2022-08-11,3,1515.8792322316158,92.0400333404541,,,,,,,0.4938618838787079,0.678864598274231,0.3088591694831848,212,,,,,70108,
2022-08-12,19,1551.549465098525,774.6060552597046,,,,,,,0.3801818545492072,0.9689845442771912,0.2628055810928345,1355,,,,,714750,
2022-08-13,8,1514.7052325796458,254.50099754333496,,,,,,,0.3222169299232218,0.8650168776512146,0.2573826313018799,493,,,,,48891,
2022-08-14,28,1590.766745907591,373.71959114074707,18.0,18,,,,,0.3733164361322298,0.8529287576675415,0.2779732346534729,681,,,,1147857,196120,
2022-08-15,79,1643.326802629244,2620.6289920806885,2.0,2,,,,,0.41871281038735614,1.3199856281280518,0.2674863934516907,4357,,,,,2373377,
2022-08-16,46,1569.7605829573347,1044.2208795547485,10.0,10,,,,,0.3267216536769323,1.4001860618591309,0.2510099709033966,1820,,,,649096,349804,
2022-08-17,32,1524.7263429316454,791.9149103164673,,,,,,,0.31365440148589535,0.7542506456375122,0.2573826313018799,1648,,,,,229996,
2022-08-18,33,1584.4219915989868,457.729287147522,18.0,18,,,,,0.47500966432376374,0.9189804792404175,0.2676779329776764,745,,,,1192029,34223,
2022-08-19,20,1553.9985133119114,603.1577150821686,,,,,,,0.39183977262881114,1.6671853065490723,0.2882685363292694,1070,,,,,759010,
2022-08-20,13,1559.2652132113126,84.00969314575195,12.0,12,,,,,0.29436986545388205,0.35864585638046265,0.2676779329776764,147,,,,798849,,
2022-08-21,66,1699.4689717715223,1712.2197184562683,14.0,14,,,,,0.4037118358376906,1.1067404747009277,0.2573826313018799,2832,,,,919437,2404861,
2022-08-22,94,1709.0250784756374,2654.3599249124527,21.0,21,,,,,0.46184230578343494,3.101482629776001,0.2647951543331146,4508,,,,1227368,2248299,
2022-08-23,67,1691.3975263343518,1239.4484575986862,26.0,26,,,,,0.37786740589835444,0.8994665741920471,0.2882685363292694,1917,,,,1667586,1459013,
2022-08-24,41,1589.3551218850912,1348.1466665267944,,,,,,,0.4853915553382666,7.194375038146973,0.2676779329776764,2500,,,,,1397985,
2022-08-25,40,1582.1970401750875,1330.3705043792725,,,,,,,0.3580576300889538,2.5340850353240967,0.2487538754940033,2263,,,,,1268623,
2022-08-26,33,1607.0662408001035,1134.7485761642456,,,,,,,0.32239113866039437,0.6961494088172913,0.2676779329776764,1759,,,,,1718065,
2022-08-27,96,1728.2261932201714,3740.180537223816,13.0,11,,,,,0.41808182904939084,3.531275749206543,0.2573002874851227,5811,,,,,3906762,
2022-08-28,98,1794.9266473998623,1048.093198299408,62.0,62,,,,,0.39882295252247063,1.7338709831237793,0.3088591396808624,1742,,,,3916143,925692,
2022-08-29,117,1801.3120663637274,3731.355534553528,22.0,21,,,,,1.8516272996515986,7.880343437194824,0.2779732346534729,5996,,,,1025026,4132496,
2022-08-30,20,1594.9253755160225,760.9661424160004,2.0,1,,,,,1.653741347841164,12.017989158630371,0.30885910987854004,1237,,,,,1498652,
2022-08-31,32,1602.8863242572781,403.81598949432373,20.0,20,,,,,0.40812825432338035,0.9852356910705566,0.2882685363292694,748,,,,1338088,211738,
2022-09-01,48,1609.295716701578,971.0532274246216,15.0,15,,,,,0.3236829416002355,0.6906537413597107,0.2779732346534729,1696,,,,973057,717890,
2022-09-02,34,1533.1753455027344,1075.9399147033691,1.0,1,,,,,0.46053462548419616,1.236229658126831,0.3088591396808624,1841,,,,,382687,
2022-09-03,88,1692.769761403233,2525.015494823456,13.0,13,,,,,0.3772677085901572,2.352552652359009,0.2676779329776764,4081,,,,635912,2586958,
2022-09-04,110,1677.4104624540346,2814.7740001678467,18.0,18,,,,,0.37570620364264207,1.1295843124389648,0.256815642118454,4862,,,,1146422,1763506,
2022-09-05,79,1642.5353038569629,2173.577883720398,10.0,10,,,,,0.5630102434080303,11.000643730163574,0.2573826313018799,3686,,,,615822,1700588,
2022-09-06,67,1706.2619248289361,1188.8070611953735,37.0,37,,,,,0.3674850819696681,1.7436703443527222,0.2676779329776764,1886,,,,2404855,939302,
2022-09-07,92,1772.8211801745492,1847.595564365387,37.0,37,,,,,0.36803343248358894,0.8426622152328491,0.2978580594062805,3075,,,,2335280,2216577,
2022-09-08,137,1882.32543803794,7532.276098251343,49.0,39,,,,,0.5561271031772584,2.890553751890974,0.2775401735505766,11090,,,,706789,5936879,
2022-09-09,173,1758.2797084810406,4350.463539868593,42.0,40,,,,,0.38207800233905653,2.5095880770844516,0.24835423030166434,7224,,,,2279328,2013604,
2022-09-10,116,1812.2442787438738,6167.306743621826,46.0,40,,,,,1.5546347954634696,21.870546340942383,0.27797323862711587,9328,,,,,5426101,
2022-09-11,84,1575.5846043231631,2482.3194959270727,,,,,,,0.4220050236167785,3.9257864952087402,0.2573826471964518,4391,,,,,1149119,
2022-09-12,94,1758.8291144660025,2179.9280245304108,27.0,27,,,,,0.3900628857673651,0.8652480840682983,0.27797323862711587,3595,,,,1883968,2446282,
2022-09-13,100,1698.462796146802,2745.9641304016113,9.0,9,,,,,0.3713901657548879,0.8985897972094852,0.2573826471964518,4776,,,,614740,2712482,
2022-09-14,54,1582.4177831777256,1769.214942932129,5.0,5,,,,,0.4128576447258138,0.8704739891698793,0.2573826471964518,3278,,,,382809,863282,
2022-09-15,87,1596.654251790165,1898.4122996614583,26.0,26,,,,,0.8723536892513662,13.518149375915527,0.29856386184692385,3263,,,,1177888,270409,
2022-09-16,72,1628.9192202240752,2050.049871444702,10.0,10,,,,,0.3408598020966143,0.8953785935315219,0.2573826471964518,3872,,,,623496,1446308,
2022-09-17,60,1607.0682681841374,1505.1778569221497,19.0,19,,,,,0.3806794808697102,3.0859358310699463,0.2573826471964518,2646,,,,1203736,430974,
2022-09-18,128,1867.7896123068235,6901.06522834301,66.0,51,,,,,0.8324884822545761,11.013204574584961,0.2676779429117839,9979,,,,1012046,5347776,
2022-09-19,61,1643.775421202316,1097.8018293380737,19.0,19,,,,,0.3106656086081383,1.3482741580114133,0.25278856255054943,1940,,,,1223588,1073129,
2022-09-20,47,1581.5018290521891,1043.3262758255005,12.0,12,,,,,0.6316398345654801,10.894095420837402,0.2676779429117839,1813,,,,785853,415763,
2022-09-21,47,1592.1152088558206,1061.228331565857,13.0,13,,,,,0.9406131804016478,2.7625155448913574,0.29856386184692385,1833,,,,824663,566072,
2022-09-22,50,1544.385765483093,1400.3674659729004,,,,,,,0.4679646961661247,1.1828316450119019,0.2676779429117839,2363,,,,,585285,
2022-09-23,44,1603.054144823456,824.1152544021606,17.0,17,,,,,0.6524289820640337,4.491314888000488,0.2948662418973265,1499,,,,1101906,467314,
2022-09-24,98,1681.2540846517766,2558.060953617096,24.0,24,,,,,0.49502549044561106,3.869076752990362,0.2710371875261488,4382,,,,1505360,1449161,
2022-09-25,132,1863.0154667379306,2250.8361362218857,65.0,65,,,,,0.37411760592905535,1.7892316579818726,0.2573826471964518,4013,,,,4179026,1875117,
2022-09-26,70,1613.6706008652616,2322.431298017502,,,,,,,1.238770375585773,15.774301528930664,0.27797323862711587,3901,,,,,1837421,
2022-09-27,56,1581.388956345357,1649.536141872406,1.0,1,,,,,1.96202606837874,16.33011245727539,0.2552825641791431,2694,,,,,1112445,62049
2022-09-28,136,1816.6818534901843,2604.917782306671,52.0,52,,,,,1.0139009471880307,12.416415214538574,0.2573826471964518,4398,,,,3300620,1628463,152768
2022-09-29,67,1615.7503317213923,2231.9919118881226,3.0,3,,,,,0.7435318755930487,13.570556640625,0.2676779429117839,3702,,,,,1875006,
2022-09-30,34,1605.4340058094788,512.706226348877,15.0,15,,,,,0.39133702456272895,3.1930601596832275,0.29906451672265005,911,,,,1003397,615657,
2022-10-01,16,1532.402449467163,627.8228645324707,,,,,,,0.3105918079223431,0.9529555539822002,0.27797323862711587,1179,,,,,368719,
2022-10-02,59,1631.38899481659,1495.2006397247314,12.0,12,,,,,0.3396106526311691,0.9766302825661364,0.2573826471964518,2591,,,,783302,1320066,
2022-10-03,98,1725.7657027190394,1770.737184047699,35.0,35,,,,,0.9108310075839064,4.18000602722168,0.2676779429117839,2969,,,,2226268,1342213,61590
2022-10-04,105,1799.7909425153439,1800.5336289405823,48.0,48,,,,,0.42432726893165024,1.1752798351052463,0.25035317801863816,3054,,,,3045693,1944351,
2022-10-05,96,1690.7457652678904,2233.967349052429,28.0,28,,,,,0.4271566289398429,1.154135803899351,0.2676779429117839,3848,,,,1792450,1313722,
2022-10-06,70,1638.7116102314142,1761.4506464004517,17.0,17,,,,,0.42124458686025906,1.1286086275886353,0.27797323862711587,2934,,,,948801,1275438,
2022-10-07,17,1523.9892390882105,525.060583114624,,,,,,,0.35985507657207527,0.7890787270167052,0.30885912593508136,961,,,,,216673,
2022-10-08,43,1618.7994344641884,1245.0948677062988,13.0,13,,,,,0.4163083246296575,3.058387360680732,0.29856386184692385,2038,,,,748844,1129389,
2022-10-09,49,1610.4010471228028,1356.769687652588,12.0,12,,,,,0.3317630925714417,0.6599575598329901,0.2676779429117839,2495,,,,830797,889980,
2022-10-10,51,1602.5302021440962,1532.5599565505981,,,,,,,0.4310846013872263,1.2288634777069092,0.2640642941222978,2586,,,,,1636088,
2022-10-11,44,1580.7886240701177,1352.705337524414,12.0,10,,,,,0.8865989530800419,16.844284057617188,0.29848942127415157,2283,,,,531457,674893,
2022-10-12,83,1720.8084613927103,3781.8020305633545,19.0,13,,,,,3.3235560860798277,25.96396255493164,0.25260476543856764,4341,,,,,3773648,
2022-10-13,82,1640.9977320140838,1948.2192564160357,17.0,17,,,,,0.5462942917581658,2.7640583515167236,0.2676779429117839,3133,,,,1055028,1203167,
2022-10-14,8,1526.1443062309263,336.0387783050537,,,,,,,0.5084400633123841,0.8205326404807916,0.27797323862711587,713,,,,,255620,
2022-10-15,15,1552.75904882397,749.8140017986298,3.0,3,,,,,0.3742433616775716,1.4587495575606395,0.2604086375081712,1283,,,,,736611,
2022-10-16,49,1617.1999606009076,999.1812868118286,17.0,17,,,,,0.30910962756561705,1.069804845259099,0.2560023533335028,1802,,,,1042611,786365,
2022-10-17,109,1530.4241006807679,3664.767272714662,5.0,4,,,,,0.5161427953070941,1.9229333315324197,0.2573826471964518,6090,,,,,332966,
2022-10-18,221,1924.3478263097363,9626.573142905992,96.0,93,,,,,0.44658398788813886,4.156546643576725,0.2779732677739764,14257,,,,1793609,5534204,
2022-10-19,26,1590.1271335174247,371.46448300510315,19.0,19,,,,,0.3217548291203647,0.8934436017294017,0.2779732677739764,818,,,,1200164,128629,
2022-10-20,21,1596.5002678446556,720.9293868093405,,,,,,,0.42744634726256786,1.1778767108917236,0.30565290846760257,1242,,,,,1527113,
2022-10-21,21,1542.2170353333333,719.0241859753523,,,,,,,0.32450345708721934,0.7415358745615372,0.25738265534627447,1194,,,,,546091,
2022-10-22,107,1801.7748149042766,4919.578860808131,57.0,49,,,,,0.4873102272076567,3.5304988839416644,0.25254325694693974,6954,,,,1247484,3715897,
2022-10-23,57,1594.9838538333333,1719.2206527204805,13.0,13,,,,,0.48904215092598435,1.3064612243743297,0.2882685739878274,2848,,,,558961,902024,
2022-10-24,101,1646.740803136228,3001.198094648582,,,,,,,0.4442530798153163,0.8774595194895508,0.2478261276249619,5291,,,,,2435075,
2022-10-25,28,1578.7625743333333,719.9262353725678,6.0,6,,,,,0.5496534905991961,0.8806289623724846,0.26767796156012547,1201,,,,451398,723883,
2022-10-26,57,1668.1497788333331,694.31545106211,36.0,36,,,,,0.2925965307159271,0.8098419569788611,0.2779732677739764,1284,,,,2259115,406364,
2022-10-27,70,1702.4991061643018,1624.3873372332275,21.0,21,,,,,0.6688373211499503,1.0811152028099953,0.2871824961672958,2837,,,,1329145,2021530,
2022-10-28,97,1763.229438873648,1867.6634951307096,55.0,55,,,,,0.5754644225126567,3.21492338180542,0.27409954212352106,3246,,,,3250516,1064589,
2022-10-29,56,1611.9525942238183,1209.8416627413485,12.0,12,,,,,0.600781450063723,4.709592819213867,0.30862668882864464,2006,,,,781397,970842,
2022-10-30,29,1609.1220245,186.8420588307344,24.0,24,,,,,0.458811724189486,1.0936716794967651,0.29746689093476214,376,,,,1558629,88611,
2022-10-31,112,1657.7243810630575,3144.1470398288507,,,,,,,0.41173752386780843,1.3150077156760995,0.30655781256382836,5046,,,,,2633573,
2022-11-01,71,1646.333841392131,2183.993071809159,,,,,,,0.34443498199429656,0.9359480476993949,0.2533787118703364,3696,,,,,2427721,
2022-11-02,197,1914.2377225948323,8584.530519262755,73.0,73,,,,,0.3721631347270538,2.0811771459025907,0.25738265534627447,12869,,,,1072339,6122728,
2022-11-03,81,1757.9877287509935,1336.460781631262,43.0,43,,,,,0.4701490907772699,1.1092628045709834,0.27211785830382523,2292,,,,2699038,1559542,
2022-11-04,57,1632.3047308716177,3386.8471415709555,25.0,23,,,,,1.3314737730145398,6.51421594619751,0.2716639741952216,5036,,,,,2174183,
2022-11-05,57,1651.266258834948,1477.3136891157426,25.0,25,,,,,1.822129305732041,15.808534622192383,0.2649589509402654,2368,,,,1077052,1365194,
2022-11-06,42,1594.2762377114266,1161.5445931413833,8.0,8,,,,,0.39730509684842424,1.110100451311756,0.2960115299422879,1941,,,,548171,900774,
2022-11-07,36,1628.7570741666664,192.7281323232903,31.0,31,,,,,0.3549245491361368,0.8018798876386574,0.2882685739878274,343,,,,1973359,,
2022-11-08,6,1528.0330546666664,181.60920161233128,,,,,,,0.42811721007271963,0.6987712445307458,0.30885916848259287,349,,,,,289754,
2022-11-09,59,1690.9083929463081,844.2798320158442,40.0,40,,,,,0.33372471730556913,2.418551530446994,0.26767796156012547,1435,,,,2522730,535787,
2022-11-10,67,1637.4063486666666,1389.2486204970505,17.0,17,,,,,0.4129756259968215,0.8382573353808119,0.25738265534627447,2377,,,,1099812,1090376,
2022-11-11,40,1614.9870190289955,1315.628867479155,,,,,,,0.4266939587547892,0.9872994608919226,0.24039014491633484,2246,,,,,1861211,
2022-11-12,165,1984.2053916032191,2005.7605068531627,109.0,109,,,,,0.3971261115140156,1.7550546639151876,0.25738265534627447,3402,,,,6719435,1348893,
2022-11-13,177,1893.8889109815289,3704.421805832513,69.0,69,,,,,0.37052968980635176,1.1399209746022232,0.2538025426937964,6046,,,,4316021,1542674,326044
2022-11-14,35,1599.4752493333335,1087.4703625062411,,,,,,,0.30723838434536654,0.5370949545056665,0.26767796156012547,1953,,,,,1580878,
2022-11-15,60,1679.4130473333335,1813.0034242591569,,,,,,,0.33383870743487254,0.8169758705867365,0.2882685739878274,3329,,,,,3025537,
2022-11-16,175,1926.9877403333337,2538.3562094500144,93.0,93,,,,,0.41234333591759814,1.195391688989245,0.2510832067618092,4344,,,,5685030,1420906,
2022-11-17,90,1766.1448103414994,805.5201228436058,57.0,57,,,,,0.43101609072430397,0.8685568938876628,0.2954275034966981,1478,,,,3455074,898547,
2022-11-18,118,1598.1802995697644,4503.87634372541,65.0,63,,,,,0.47455189087125493,3.75655503255825,0.24777849518219694,6683,,,,588398,928316,
2022-11-19,181,1771.253933,4382.382706384856,61.0,61,,,,,0.3806571143838903,2.7632410238061618,0.2624224258713878,7366,,,,3397934,1051979,
2022-11-20,176,1720.8710640986458,5696.1171861202765,4.0,4,,,,,0.36218956944503167,1.106999811317557,0.25738265534627447,9411,,,,,3774778,
2022-11-21,23,1535.3152507547998,983.3042368910429,,,,,,,0.439662068837924,0.9566446640396022,0.30885918131437123,1640,,,,,421360,
2022-11-22,104,1722.2412407387492,2273.8082463912674,35.0,35,,,,,0.35284498442577283,0.8668897087313834,0.2779732677739764,4112,,,,2181015,1467431,
2022-11-23,123,1700.2366744485964,3690.9353560398768,16.0,16,,,,,0.37919000278079856,1.1997340348561913,0.25738265534627447,6058,,,,1034298,2295916,
2022-11-24,511,2809.150884333333,7212.07176378813,322.0,316,,,,,0.5372633229141229,2.7493755586621695,0.25738265534627447,11220,,,,18286558,3889088,
2022-11-25,193,1882.319859166666,4013.873899931813,105.0,105,,,,,0.5509222865945599,1.5079941452723389,0.25738265534627447,6515,,,,5872713,412970,
2022-11-26,393,2367.100994080262,6636.485894542822,168.0,168,,,,,0.34123344029527425,1.1927449474504297,0.26767796156012547,10812,,,,10313896,4425221,
2022-11-27,147,1733.1596970080163,4248.423721380741,23.0,23,,,,,0.5001205970899019,2.0222113086185973,0.26767796156012547,6982,,,,1196904,2717041,
2022-11-28,251,1953.0691791970944,6389.592537547666,101.0,101,,,,,0.3667592630868741,1.3615007580832421,0.26767796156012547,10424,,,,5511152,2078182,
2022-11-29,118,1811.674140471844,2020.9882608833557,58.0,58,,,,,0.41361902936450395,3.1350179849589748,0.25738265534627447,3397,,,,3615680,1549634,
2022-11-30,183,2022.077729686073,2566.4167419661608,137.0,137,,,,,0.3580472910812026,1.1894933636163372,0.25738265534627447,4141,,,,7730263,952479,
2022-12-01,278,2173.6978657956492,4013.624112719241,157.0,157,,,,,0.33846440732837807,1.2208061461533706,0.24888234006499094,6600,,,,9560333,1735750,
2022-12-02,485,2709.241525079656,5595.647567566212,281.0,281,,,,,0.4197165328417056,1.6193827979492672,0.2639334114469316,9190,,,,17166709,3279954,
2022-12-03,426,2080.0671671732994,12439.847795249021,57.0,57,,,,,0.43187220870290705,1.1483980120924053,0.25738265534627447,20331,,,,2760124,7314936,
2022-12-04,196,1998.6658191666666,4781.931267900939,71.0,70,,,,,0.37218568099836363,1.9418329202099345,0.26138117962387225,7680,,,,3760209,4774460,
2022-12-05,112,1711.0863441319298,2054.0649233031927,51.0,51,,,,,0.45641049277711243,1.5705962205044603,0.30884341539536075,3372,,,,3067264,318191,
2022-12-06,368,2589.0011797172706,5545.4135774993365,252.0,249,,,,,0.5104350864328745,2.2147184693546853,0.25738265534627447,8360,,,,14360802,4108202,
2022-12-07,100,1562.5056106666666,3522.9031065238905,10.0,10,,,,,0.4046422229078539,2.0906581016480374,0.26767796156012547,5839,,,,,912752,
2022-12-08,276,2295.905901499294,3782.4363243617577,194.0,193,,,,,0.4170122805806856,3.8969224614702234,0.26767796156012547,5502,,,,11123828,2272520,
2022-12-09,280,2006.5317155,5822.541978135202,111.0,109,,,,,0.40470256796037096,3.3794856042932966,0.2526816718209312,9420,,,,6223631,2282534,
2022-12-10,268,2026.4268118333332,5565.64253920784,72.0,72,,,,,0.38003949503049905,0.8213181964629097,0.25191697316661793,9318,,,,4448657,4540023,
2022-12-11,96,1802.8605264771486,1449.4386331872,58.0,58,,,,,0.4315050343138891,3.9266867637634277,0.26767796156012547,2385,,,,3593784,1405013,
2022-12-12,51,1649.7639681666667,520.1188699237514,33.0,33,,,,,0.3827355986903049,0.8192648161024934,0.26767796156012547,947,,,,2071323,274892,
2022-12-13,205,2022.3492497947284,4845.476421973196,69.0,69,,,,,0.6053264098251914,11.054847717285156,0.25573901192248605,8154,,,,4197778,4734591,
2022-12-14,84,1759.1200429693558,1966.5748975505217,35.0,34,,,,,0.6656999875856199,2.9705915451049805,0.2964830681451076,3244,,,,1888482,2444719,
2022-12-15,163,1863.229825,1634.4828145109811,85.0,85,,,,,0.3334544473958287,1.0330475568771362,0.2969423872441585,2687,,,,5250334,733465,
2022-12-16,126,1864.5798510118839,1480.6709396760473,79.0,79,,,,,0.3531273833271769,0.748291393971538,0.25738265534627447,2559,,,,4954870,1073796,
2022-12-17,171,2056.550603459144,1728.095478019503,122.0,122,,,,,0.4281422238379326,2.5384812355041504,0.26727682877663733,2861,,,,7488012,1834516,
2022-12-18,332,2508.764865645799,2563.1854971134053,246.0,246,,,,,0.4614921923693777,3.533846855163574,0.25738265534627447,3963,,,,15497482,1442721,
2022-12-19,384,2725.5702346136327,2971.668266958517,290.0,290,,,,,0.4361281741684995,2.9620859622955322,0.25738265534627447,4600,,,,17851526,2843765,
2022-12-20,212,2147.642163398508,3287.508791657483,114.0,114,,,,,0.5382798168460817,3.4760937690734863,0.25610220545274137,5678,,,,7127408,3866335,
2022-12-21,118,1717.1534995677694,2599.2669709217107,37.0,37,,,,,0.3315615838024214,1.4586706950486306,0.25738265534627447,4385,,,,2207335,1347341,
2022-12-22,219,2194.3252568188545,2378.0919397250336,140.0,140,,,,,0.36018096056686405,0.9259057848177136,0.2714034305022522,4084,,,,8805053,2916139,
2022-12-23,134,1817.7923626419163,2170.784601691617,79.0,79,,,,,0.35303463949236885,1.112311132773478,0.26767796156012547,3606,,,,4539839,672023,
2022-12-24,292,2447.164057359593,1826.2083198694677,240.0,240,,,,,0.3548701599081041,1.1424524568151775,0.26767796156012547,2707,,,,14566688,1185827,60879
2022-12-25,262,2166.0467043901945,5321.250508799989,143.0,143,,,,,0.3709230051746073,3.4703159776369956,0.25369828352854024,8546,,,,7885094,3247182,62057
2022-12-26,163,1903.4949466369537,2186.908487920396,103.0,102,,,,,0.5334594251029405,2.859084367752075,0.25738265534627447,3539,,,,6280989,359092,
2022-12-27,65,1678.0604883333335,966.7292534806069,32.0,32,,,,,2.0556136490104184,20.079843521118164,0.26767796156012547,1552,,,,1963970,901065,
2022-12-28,4,1512.0,162.4599320545684,,,,,,,0.2887816112623716,0.3617597250679226,0.25738265534627447,346,,,,,,
2022-12-29,51,1539.9831953333335,1390.4179803762709,4.0,4,,,,,0.34342201396045535,1.2522906064987183,0.256080149094055,2429,,,,283476,202606,
2022-12-30,231,2075.0350303186524,9254.055615793224,69.0,58,,,,,1.8195758243208935,28.583303451538086,0.26767796156012547,12714,,,,1766781,8286154,
2022-12-31,156,1836.560549587317,2736.2083890504236,76.0,76,,,,,0.423443843559917,1.2396251926080462,0.2882685739878274,4690,,,,4647978,895576,
2023-01-01,104,1803.114598343807,2093.5495524412545,36.0,36,,,,,0.4405424260452293,0.7756140937350593,0.25273635446591247,3617,,,,2222735,2884389,
2023-01-02,67,1675.2890386666666,835.4214659385692,37.0,37,,,,,0.4572449973982714,1.0463361376514662,0.308859158509196,1432,,,,2350933,286041,66254
2023-01-03,57,1727.6969970833334,423.79571418661493,48.0,48,,,,,0.4908717247541333,1.1035937070846558,0.25738265534627447,836,,,,3032853,516955,60581
2023-01-04,385,2539.353357914736,6170.0451718614295,237.0,233,,,,,0.5155351803813825,2.38226056098938,0.2572885789709069,9450,,,,13191317,4171760,126263
2023-01-05,329,2416.416666081206,3263.200684295826,222.0,222,,,,,0.39487308441347446,1.8039081630864784,0.251626301489643,5214,,,,13944283,1434579,
2023-01-06,201,2195.412475067447,3920.547536960963,149.0,147,,,,,3.675448758596945,22.533214569091797,0.254223658514295,5699,,,,8111163,3677749,
2023-01-07,307,2339.242763666403,3395.5422449150574,173.0,173,,,,,0.47857703200095275,3.013566493988037,0.26767796156012547,5780,,,,10855580,3342548,
2023-01-08,295,2193.134253975312,3535.940946295944,172.0,172,,,,,0.5973174866386822,3.553030014038086,0.25738265534627447,5937,,,,10786716,775667,
2023-01-09,251,2187.0544479353493,2900.18776044182,142.0,142,,,,,1.2327679429077771,22.993438720703125,0.24898155446833087,4319,,,,8846320,2740612,
2023-01-10,133,1864.7048902774495,3821.093423289844,38.0,35,,,,,2.960713085664899,23.68259048461914,0.25738265534627447,5645,,,,1949082,4264238,
2023-01-11,148,1984.3369899444538,1478.3820458347209,103.0,103,,,,,1.6231767133950528,30.98674964904785,0.2779732677739764,2616,,,,6421348,1670011,
2023-01-12,230,1606.075391630108,10135.63506956186,138.0,120,,,,,1.247727235451858,19.27968978881836,0.25738265534627447,14383,,,,4151612,5662862,
2023-01-13,,1512.0000000000002,,,,,,,,,,,,,,,,,
2023-01-14,252,2125.0247035806524,5553.012744494035,92.0,91,,,,,0.9790768716495636,29.3021297454834,0.2779732677739764,9063,,,,5295343,5416571,
2023-01-15,160,1838.0760971385607,2889.266407584673,56.0,56,,,,,0.5218596717971296,2.883422243763927,0.25738265534627447,4806,,,,3509999,2139780,
2023-01-16,142,1815.3977963727773,3780.3386177745015,34.0,32,,,,,1.6975839387516405,20.941387176513672,0.25738265534627447,6158,,,,1697803,3667672,
2023-01-17,143,1856.9660190578263,1890.2356685685954,74.0,74,,,,,0.3327704575219462,0.9479245761408843,0.26767796156012547,3262,,,,4730247,1176380,
2023-01-18,94,1735.54229058083,1663.266554764182,44.0,43,,,,,0.8557107935329538,12.485503196716309,0.25738265534627447,2724,,,,2777036,1070500,
2023-01-19,130,1865.3964723333333,2115.577802194431,70.0,70,,,,,0.3716343596254192,1.4836105951508385,0.2542816925373501,3423,,,,4216158,1878442,
2023-01-20,295,2107.9802815988132,5535.075015509545,94.0,94,,,,,0.35537047381062153,1.2645098756426176,0.25738265534627447,9079,,,,5970314,4386807,
2023-01-21,176,1826.9442895000002,3648.7291342834023,22.0,22,,,,,0.3375282220036093,1.009538888652269,0.26767796156012547,5984,,,,1399355,4195466,
2023-01-22,83,1597.037484,2075.533732712357,,,,,,,0.30788969214541806,0.5015566952529131,0.2718849973674347,3415,,,,,1536822,
2023-01-23,159,1744.6533157927774,4485.271387624139,,,,,,,0.3320827311016586,0.9488359611391303,0.25738265534627447,7703,,,,,4204579,
2023-01-24,118,1787.9775288194871,4543.4198816813105,10.0,6,,,,,0.33201303247722697,1.6329493614310786,0.25738265534627447,7267,,,,,4987546,
2023-01-25,188,1843.537524474428,6503.988470051181,12.0,12,,,,,0.3486855452467872,3.2130466050862014,0.25738265534627447,10405,,,,,5991643,
2023-01-26,112,1824.1523282521755,2295.439461636042,57.0,55,,,,,0.8292765578873604,19.565988540649414,0.2779732677739764,3612,,,,3266765,2135392,
2023-01-27,41,1617.1005819830825,1879.481885656775,13.0,13,,,,,0.387698277150761,1.5637089072925794,0.2779732677739764,2978,,,,,1899408,
2023-01-28,120,1832.8452032659582,5112.059061327456,14.0,14,,,,,1.5908101160737436,16.51158905029297,0.2779732677739764,7838,,,,,5798408,
2023-01-29,25,1523.7637006666669,683.1965203511508,,,,,,,0.30971998341649876,0.8286407167247,0.2779732677739764,1178,,,,,212597,
2023-01-30,,1512.0,,,,,,,,,,,,,,,,,
2023-01-31,206,2059.0225772148856,2110.2446191868275,117.0,117,,,,,0.452056221267105,1.1515339758868297,0.2779732677739764,3415,,,,7313904,1927001,60641
2023-02-01,188,2121.906937421782,1182.9306839714775,150.0,150,,,,,0.3693220516955251,0.6968209144650428,0.3039189332715725,2046,,,,9370469,1002787,
2023-02-02,189,1921.6327953333334,2178.18187515948,95.0,95,,,,,1.0742299810426457,15.664026260375977,0.29856388020167834,3558,,,,5974720,1014371,
2023-02-03,125,1831.2997591904928,1764.04191076914,68.0,68,,,,,0.36057809065403784,1.5545217148683874,0.2779732677739764,2845,,,,4284933,1187721,
2023-02-04,141,1838.4757279239836,3048.8278628681333,50.0,50,,,,,0.37096796741539306,2.2001047117855284,0.25738265534627447,4804,,,,3028950,2661377,
2023-02-05,304,2184.2451453814806,5589.142081120334,108.0,108,,,,,0.44629814448128396,2.2942941188812256,0.2616225969571912,9233,,,,6484546,5215233,
2023-02-06,186,1982.919965236892,3018.462547406306,90.0,90,,,,,0.3855395292570533,2.75972882113104,0.25738265534627447,4903,,,,5505239,2623975,
2023-02-07,52,1620.8395925,786.9732069867689,27.0,27,,,,,0.32873349631522514,1.2678519487380981,0.25738265534627447,1518,,,,1724965,122515,
2023-02-08,27,1589.0876238923045,1157.9693156367243,,,,,,,0.3184035931465789,1.039609621422499,0.3088591710217696,1886,,,,,1393150,
2023-02-09,57,1660.068933333333,749.9101046169053,35.0,35,,,,,0.4902585101499971,4.10029935836792,0.3076932233724786,1314,,,,2212976,309660,
2023-02-10,57,1647.5824366666666,743.1152025157635,33.0,33,,,,,0.31508461220851675,0.8543183472210132,0.30842315698123274,1326,,,,2005612,305730,
2023-02-11,4,1519.652434,128.4854215488602,,,,,,,0.39440614544659786,0.5121486186981201,0.2882685739878274,259,,,,,138297,
2023-02-12,83,1656.0208951166987,1554.5991375523674,26.0,26,,,,,0.35705874271211774,1.1445287686913361,0.25738265534627447,2568,,,,1687207,798697,
2023-02-13,134,1754.191461497602,2282.175402647927,51.0,51,,,,,0.41357302871554386,1.2292594545048645,0.3088591564979289,3813,,,,3079684,1083918,
2023-02-14,70,1729.6685905000002,952.3011501743931,46.0,46,,,,,0.5585128768152902,2.102748877857634,0.2556031073896089,1726,,,,2873297,861419,
2023-02-15,13,1512.0,407.5825842434698,,,,,,,1.5388703182156631,19.190526962280273,0.3070483832633655,679,,,,,,
2023-02-16,126,1795.3143792402916,3286.896588035868,12.0,12,,,,,0.3684150061785612,1.1246611382075837,0.2807112849117884,5512,,,,798780,4266023,
2023-02-17,151,1839.385509699433,2422.9082656268783,68.0,68,,,,,0.5416975319255654,1.353790521621704,0.2779732677739764,4000,,,,4388899,1223657,
2023-02-18,58,1665.4990748810978,541.7390129728384,41.0,41,,,,,0.7397788592144229,9.917291641235352,0.3060649871016409,956,,,,2524121,75095,
2023-02-19,112,1804.8446645463707,1721.4158422098237,54.0,54,,,,,0.4005476842411878,0.8887192324748905,0.25738265534627447,2883,,,,3521491,1114133,180920
2023-02-20,185,2085.5542831666667,1968.0402946226754,133.0,132,,,,,0.39020505598640426,3.2901905912026668,0.25738265534627447,3271,,,,8051965,1755657,
2023-02-21,140,1942.8725049999996,1800.4492000809541,89.0,88,,,,,0.45781628188613405,2.5005278798443125,0.2522208862833855,2739,,,,5288594,2131880,
2023-02-22,239,1959.1586347500001,3862.5550821221036,94.0,93,,,,,0.5060927388379356,4.016571768037211,0.24928591885857318,6160,,,,5746917,1779648,68585
2023-02-23,160,1939.5175648333336,1366.025046489783,112.0,112,,,,,0.35286544261486985,1.1484068775235736,0.29856388020167834,1949,,,,7050295,187502,
2023-02-24,64,1676.7123235833335,960.8068498776579,29.0,29,,,,,0.8767965154411835,3.0890297889709473,0.2779732677739764,1608,,,,1890994,813917,61717
2023-02-25,40,1613.0671320000001,914.1707577659827,12.0,12,,,,,0.4299223383536587,1.636869512349282,0.3088591651733945,1518,,,,738100,1037281,
2023-02-26,65,1712.142659866425,621.968052382203,49.0,49,,,,,0.3720968056384347,1.110300319935194,0.2779732677739764,1031,,,,3068117,336369,
2023-02-27,80,1699.9864463333333,614.6297809669034,50.0,50,,,,,0.8809970731319805,3.6148440837860107,0.3088591564979289,1010,,,,3047766,138439,
2023-02-28,47,1643.6145445,412.6358730511472,35.0,35,,,,,0.4276128965854617,0.6817318797111511,0.3060888303967912,668,,,,2131225,99706,
2023-03-01,90,1612.5759801666666,1656.1029575600683,15.0,15,,,,,0.3088560117626645,0.4265956940403263,0.26767796156012547,2707,,,,1102315,638958,
2023-03-02,45,1599.873018286769,963.7740329185704,20.0,20,,,,,0.5352341252716728,1.3567487388974817,0.25738265534627447,1597,,,,1251179,250210,
2023-03-03,47,1614.4275389485047,2006.7042888736132,4.0,3,,,,,0.9055622580787493,21.891815185546875,0.255795537061266,3342,,,,,1851101,
2023-03-04,185,1991.256760343272,1752.948043468771,119.0,119,,,,,0.3314888032637113,1.2567204236984253,0.25738265534627447,2840,,,,7340775,811945,
2023-03-05,103,1765.0830239712202,1528.9350013486974,55.0,55,,,,,0.4513544825789287,3.2219570841386767,0.26767796156012547,2505,,,,3428687,907574,
2023-03-06,154,1991.3957236008685,1558.7335118068245,105.0,105,,,,,0.31140322080701716,1.0977123318752038,0.25738265534627447,2349,,,,6494554,1447230,119244
2023-03-07,,1512.0,,,,,,,,,,,,,,,,,
2023-03-08,64,1713.2477841666664,314.41865177100885,55.0,55,,,,,0.6535369467472374,0.702483594417572,0.6045902990769028,509,,,,3401371,,
2023-03-09,36,1577.1901242183267,998.635524129541,1.0,1,,,,,0.5231950751170776,3.779390926367267,0.25738265534627447,1610,,,,,1178136,
2023-03-10,81,1708.8030315490257,1949.9992496455347,28.0,28,,,,,2.3484254648911174,19.18276023864746,0.25738265534627447,3210,,,,1713237,1724757,
2023-03-11,42,1618.088904166667,516.7393740577068,22.0,22,,,,,0.4305657142308353,1.1885480530357255,0.3078599581965976,838,,,,1380259,441390,
2023-03-12,26,1518.3034958544933,578.802115342702,,,,,,,0.3114597173733146,0.7278268926026202,0.30885915895480603,970,,,,,113919,
2023-03-13,50,1663.2730711480212,1597.4191718861152,3.0,2,,,,,3.733993663181074,20.816911697387695,0.3084860429443921,2145,,,,,2733322,
2023-03-14,115,1816.9807886666663,4427.524586993238,15.0,11,,,,,0.6403071641785096,4.909935474395752,0.29856388020167834,6886,,,,,5511701,
2023-03-15,157,1827.655664833334,4193.738488300657,45.0,44,,,,,1.616458964998841,22.84015655517578,0.24919908516457034,6590,,,,1600463,3993282,
2023-03-16,34,1588.2495510200893,919.9064575637684,,,,,,,0.5468667871493571,2.6292011737823486,0.30732330100658517,1504,,,,,1378004,
2023-03-17,163,1985.513322482265,3237.6790712502484,62.0,62,,,,,0.8726548439582765,14.905721664428711,0.25738265534627447,5310,,,,3829209,4462984,
2023-03-18,126,1886.0745380120143,1223.6772757951967,89.0,89,,,,,0.49350790309455306,3.1348164081573486,0.3088591688448744,2032,,,,5471882,909425,
2023-03-19,,1511.9999999999998,,,,,,,,,,,,,,,,,
2023-03-20,73,1751.385342519474,3768.3032473933463,13.0,9,,,,,3.343817661658596,19.125019073486328,0.25738265534627447,5532,,,,,4326242,
2023-03-21,241,1978.6486109651412,4378.551129437069,69.0,69,,,,,0.6522696145479195,4.3526930809021,0.2882685739878274,7165,,,,4391476,3737704,
2023-03-22,32,1574.3466440836983,570.1540581230672,11.0,11,,,,,0.4330965887565343,0.7346610330129972,0.3088591651733945,955,,,,847438,220601,
2023-03-23,124,1868.9765556666669,882.1018364027519,89.0,89,,,,,0.4776770865566113,2.076183795928955,0.3069183212226242,1326,,,,5562610,503412,
2023-03-24,303,1747.808043538417,7158.686394143619,20.0,19,,,,,1.2484798495931202,20.347484588623047,0.2779732677739764,11677,,,,1156574,3024893,
2023-03-25,139,1779.1057600735467,2038.6542802108247,64.0,64,,,,,0.37071615333520774,1.057656064024392,0.25738265534627447,3335,,,,4024039,384997,61098
2023-03-26,103,1729.1368997975728,1790.2906215869,45.0,45,,,,,0.3578441465934368,1.0692000363047625,0.25738265534627447,2953,,,,2849991,876731,
2023-03-27,74,1653.5491221144512,2351.6169038863645,,,,,,,0.45519943168310634,1.2264153957366943,0.25738265534627447,3972,,,,,2558118,
2023-03-28,81,1483.5892940331878,2080.51053584606,,,,,,,0.7012565581870877,11.941740989685059,0.25738265534627447,3429,,,,,2085276,
2023-04-03,,664.8931587923975,,,,,,,,,,,,,,,,,
2023-04-04,,1512.0,,,,,,,,,,,,,,,,,
2023-04-05,49,1550.9615522452427,1324.820131654567,3.0,3,,,,,0.39513121795058154,0.9547004656895554,0.3088591638246877,2171,,,,243965,443258,
2023-04-06,106,1686.960036498379,1995.678638422591,33.0,33,,,,,0.3598879125841535,1.832621103145044,0.24970474286055147,3114,,,,2051692,968102,
2023-04-07,32,1529.793083520252,1075.530433042455,3.0,2,,,,,0.7618751802355739,2.0262777036883635,0.3113688089461908,1666,,,,,321561,
2023-04-08,188,2045.7154562571109,3290.283486909946,86.0,86,,,,,0.3698374075928858,1.4107567328753894,0.25738265534627447,5266,,,,5435166,3833762,
2023-04-09,242,1900.3980105990518,4855.728052207185,68.0,68,,,,,0.4248417351637425,1.4689413235201894,0.25738265534627447,8048,,,,4213869,2513448,
2023-04-10,,1512.0000000000002,,,,,,,,,,,,,,,,,
2023-04-11,33,1581.3155133333337,851.215917761199,,,,,,,0.4297103533534673,17.344667434692383,0.30885915989584595,1429,,,,,1252690,
2023-04-12,,1512.0,,,,,,,,,,,19,,,,,,
2023-04-13,85,1663.2721009665306,1747.2912593407414,24.0,24,,,,,0.4149045218684371,1.0653755754411425,0.3086054073618594,2797,,,,1604561,1018113,
2023-04-14,80,1570.8810853333332,2234.90507290277,,,,,,,0.4154725106904289,0.8464702254363227,0.3088591496166128,3691,,,,,1064116,
2023-04-15,396,2217.706067416724,6024.607290221317,139.0,139,,,,,0.33512352024721576,0.8634375287860505,0.25738265534627447,9798,,,,8507157,3657216,
2023-04-16,192,1846.0833983709545,5227.4912418470485,18.0,17,,,,,0.3618871637500394,1.7497302301358537,0.28144196708193586,8454,,,,999165,3107472,815995
2023-04-17,238,1884.3850694847856,5611.909250795566,52.0,52,,,,,0.4311823185150322,1.2633557317694326,0.25738265534627447,9102,,,,2954657,3570504,
2023-04-18,53,1611.2648758389819,1208.48055792171,4.0,4,,,,,0.40869325127078976,3.690938706683206,0.2779732677739764,2007,,,,350285,1419391,
2023-04-19,159,1904.126155833333,3169.56262243219,76.0,76,,,,,0.3473905382213706,1.5393395004351884,0.3088591547883519,5057,,,,4054821,2750890,
2023-04-20,283,2143.545091666667,4189.684673517468,112.0,111,,,,,0.3741714102732003,2.8785057594854475,0.29793041849016466,6662,,,,6754302,4191245,
2023-04-21,349,2319.869055114527,5689.193118643257,131.0,131,,,,,0.4222366569090497,1.1061256600367575,0.2882685739878274,9194,,,,7993602,6052669,
2023-04-22,,1512.0,,,,,,,,,,,,,,,,,
2023-04-23,257,2022.2301363333336,3419.528143554958,115.0,115,,,,,1.0825395141790843,9.744418144226074,0.2731065353949132,5035,,,,7069414,1661864,
2023-04-24,194,1804.3987476666666,3947.327511743114,46.0,46,,,,,0.4916987841445572,1.6741793511265168,0.3088591496166128,6390,,,,2837138,2250628,
2023-04-25,410,2619.558016833333,3530.765894269937,269.0,269,,,,,0.34972935072685013,1.378825327202185,0.2779732677739764,5334,,,,16379375,2502018,
2023-04-26,149,1813.440449833333,1857.6247148946736,73.0,73,,,,,0.44877772269034677,1.0821016490589508,0.2882685739878274,1814,,,,4460001,678742,
2023-04-27,221,2140.1147488333336,2220.1870441711994,147.0,147,,,,,0.4202443334709899,1.9088093936458974,0.2779732677739764,3360,,,,9050383,1674104,
2023-04-28,36,1588.4394311666667,599.0410992273291,15.0,15,,,,,0.3879379302320637,1.032704880186156,0.29856388020167834,1001,,,,993409,319206,
2023-04-29,158,2083.09042608949,1474.2481436388512,131.0,131,,,,,0.39097655506478096,0.9866220625622206,0.2930727727999644,2342,,,,7940290,1830540,
2023-04-30,181,1802.2154062426448,5282.3779219842345,25.0,24,,,,,0.4427013422779959,2.4632863275777304,0.26767796156012547,8105,,,,1323056,3830143,
2023-05-01,232,2009.4091156666666,3484.658801450047,80.0,79,,,,,0.4672957206725881,2.1399366650650227,0.29856388020167834,5626,,,,4845834,3807782,
2023-05-02,212,2077.515461666667,2195.3710970415823,137.0,137,,,,,0.3481482242370519,0.7295378180318232,0.2993052042547314,3390,,,,8357594,1283575,
2023-05-03,181,1996.538280166667,2781.0164989643604,111.0,111,,,,,0.4203228325406184,1.5083607720993017,0.2779732677739764,4497,,,,6518963,1786138,
2023-05-04,307,2093.33366658197,4749.175485107088,125.0,125,,,,,0.37109793975967115,1.1155005363061294,0.25738265534627447,7650,,,,7693669,2279366,
2023-05-05,382,2487.415491146663,7975.921990800975,138.0,138,,,,,0.44517118324204696,1.3822119415851293,0.26767796156012547,12234,,,,8430258,8613709,
2023-05-06,239,2106.996779102332,3011.751685179925,117.0,117,,,,,0.38774511422417185,0.9360879801732559,0.30102996303300383,4896,,,,7227850,3024379,
2023-05-07,222,2057.9885816666665,2713.2995403963,121.0,121,,,,,1.597442819245327,16.449243545532227,0.3087514088599766,4402,,,,7419226,1934055,
2023-05-08,204,2030.2056291666668,2193.886157687663,130.0,130,,,,,0.32764821026818725,0.9696240535721596,0.30578298007693394,3555,,,,7950649,863715,
2023-05-09,107,1692.6894663333333,1797.1742460592372,39.0,39,,,,,0.3749289594433426,1.0298258810105254,0.2494459421915733,2907,,,,2385886,714299,
2023-05-10,94,1766.2245356234425,1354.0702167380148,56.0,56,,,,,0.351443358598258,0.8725141134679553,0.29856388020167834,2228,,,,3448834,906661,
2023-05-11,145,1694.066814,3077.472933444335,25.0,25,,,,,0.36631295137675296,0.8334858061637744,0.25738265534627447,4913,,,,1545808,1637467,
2023-05-12,246,1655.4408766666668,6357.557493177261,,,,,,,0.3552097493024146,0.7703625464008896,0.30518229424971766,10414,,,,,2592305,
2023-05-13,159,1919.1313946666664,1630.9386936679575,86.0,86,,,,,0.32220594023791116,0.6473826234848087,0.3088236092518913,2696,,,,5374348,1611129,
2023-05-14,43,1645.2813901666666,866.2922088174664,20.0,20,,,,,0.45984176947118616,1.0607983807525787,0.30885916229310534,1514,,,,1241995,1080663,
2023-05-15,80,1687.2166743333332,1779.6466321262799,14.0,14,,,,,0.35960050788279496,0.8422468800706117,0.25738265534627447,2936,,,,925362,2177098,
2023-05-16,45,1512.0,1230.4949986794688,,,,,,,0.32429139539810387,0.8407816307947085,0.2779732677739764,2039,,,,,,
2023-05-17,64,1717.3470206666666,998.4149469331295,40.0,40,,,,,0.38967007923413033,0.8381173616803437,0.26767796156012547,1758,,,,2468344,1071747,
2023-05-18,9,1512.0,272.4138024184969,,,,,,,0.3091298714692648,0.4022311706033604,0.3088591564979289,495,,,,,,
2023-05-19,177,1819.1652565000002,3173.723399187921,71.0,71,,,,,0.3447019118179785,1.0062083806939255,0.2779732677739764,5088,,,,4400737,845572,
2023-05-20,150,1624.604666,3353.1032244369226,14.0,14,,,,,0.3372913202927604,1.0066404314060309,0.2517012104289561,5447,,,,897888,1074933,
2023-05-21,99,1620.962797833333,2386.2460742463786,20.0,20,,,,,0.33983650337321936,0.8007463596800365,0.24959225736313495,4011,,,,1258889,623106,
2023-05-22,3,1511.9999999999998,81.0603769889935,,,,,,,0.3037183822624797,0.3088591780925873,0.29856388020167834,151,,,,,,
2023-05-23,14,1529.2781653333334,356.90194934822705,,,,,,,0.32497640009935347,0.41589164680386725,0.30885917484461,593,,,,,312256,
2023-05-24,89,1606.4911261666666,2776.9462232574297,29.0,29,,,,,0.3822275201539538,1.3843939037604902,0.2779732677739764,4351,,,,1314907,301671,
2023-05-25,53,1605.1719266666664,1680.986275608891,,,,,,,0.3386744070697038,0.9575119555548645,0.24940851551455806,2759,,,,,1683830,
2023-05-26,5,1531.5419626666667,184.0800751036555,,,,,,,0.3083145433556802,0.33599726855533574,0.29856388020167834,316,,,,,353168,
2023-05-27,49,1573.698216,1432.4889065952252,,,,,,,0.31791276772427046,0.709342237341835,0.25193803582942503,2384,,,,,1115028,
2023-05-28,,1546.3175119999999,27.745681959481743,,,,,,,0.3088591590623807,0.3088591666485427,0.3088591520944629,66,,,,,620196,
2023-05-29,40,1624.1503575000002,365.68927671598675,30.0,30,,,,,0.4598681530359937,0.6606583186070594,0.30885917203953883,592,,,,1895499,,
2023-05-30,121,1892.5635181666667,1937.1648171982001,51.0,51,,,,,0.3917244505079419,0.8255502506101325,0.25441474384209084,3069,,,,3210699,3444527,
2023-05-31,57,1662.2859498333335,729.5253983134802,34.0,34,,,,,0.3123701271038512,0.5159997160528736,0.25738265534627447,1218,,,,2070253,502337,
2023-06-01,,1512.0,,,,,,,,,,,,,,,,,
2023-06-02,122,1609.4319846666667,3368.6732714631084,,,,,,,0.4218113856849637,1.2086671163331972,0.2882685739878274,5509,,,,,1760819,
2023-06-03,100,1740.1597425,1594.0356566483824,62.0,62,,,,,0.38783855167608466,1.019853882265704,0.25738265534627447,2448,,,,3856221,,
2023-06-04,27,1584.3858016666666,271.1783656728348,20.0,20,,,,,0.30503973003622753,0.7012973474672869,0.25738265534627447,489,,,,1223422,,
2023-06-05,54,1579.0575259999998,1810.0285894004705,1.0,1,,,,,0.48856970919673676,1.8424395597678542,0.2579542914128596,2711,,,,,1211883,
2023-06-06,27,1512.0,1006.2632293417946,,,,,,,0.4207804479645889,0.8562978644758055,0.29856388020167834,1696,,,,,,
2023-06-07,6,1512.0,266.90212443354125,,,,,,,0.5986297655733175,2.234596134323075,0.30146545307080697,588,,,,,,
2023-06-08,82,1646.5818208333333,1196.5204881737607,32.0,32,,,,,0.5079533060261229,0.7335477786318939,0.2882685739878274,1968,,,,1978815,316300,
2023-06-09,144,1690.5234273333333,3548.9874130961834,,,,,,,0.4331887781504028,1.0640976129233262,0.3088591564979289,5804,,,,,3226327,
2023-06-10,41,1618.1260098333335,536.79726599019,20.0,20,,,,,0.36325912537990407,0.7235240907736916,0.2882685739878274,996,,,,1223217,609982,
2023-06-11,22,1586.8648258333333,69.80217612990964,21.0,21,,,,,0.3076581455481405,0.3088591688448744,0.3063390840574757,138,,,,1265321,,
2023-06-12,8,1578.261556,294.0057309183771,,,,,,,0.3157203906796736,1.0278119839019995,0.29856388020167834,489,,,,,1197498,
2023-06-13,4,1525.772854,194.5812874417835,,,,,,,0.36678456009050014,0.5734961801096524,0.28561489162268705,332,,,,,248907,
2023-06-14,53,1536.4515233333332,1542.9643307127253,,,,,,,0.38354759120669524,1.0452426588260104,0.25738265534627447,2601,,,,,441895,
2023-06-15,228,1841.0581065000001,3834.1683673093657,72.0,70,,,,,0.32345504907413997,2.3169953678165176,0.25317373862888376,6013,,,,4178469,1478892,
2023-06-16,85,1663.6752331095588,4515.40653295743,27.0,15,,,,,0.3691764787952886,2.5339011382657888,0.25738265534627447,6631,,,,19113,2709541,
2023-06-17,3,1549.9759306666667,105.01212338127998,,,,,,,0.3307009877943362,0.5951373712764751,0.3088591720395388,183,,,,,686312,
2023-06-18,,1512.0,,,,,,,,,,,16,,,,,,
2023-06-19,74,1626.5135047318659,2209.3928785244107,,,,,,,0.318455445733671,1.0303286557590816,0.2779732677739764,3597,,,,,2069521,
2023-06-20,3,1512.0,95.74634778881409,,,,,,,0.2960789966478731,0.7282161557520878,0.2779732677739764,155,,,,,,
2023-06-21,8,1462.02678714169,405.2232525771745,,,,,,,0.33735405390905865,2.737292766571045,0.26767796156012547,713,,,,,,
2023-06-22,,1512.0,,,,,,,,,,,,,,,,,
2023-06-23,12,1549.6314253333333,408.9295628141609,,,,,,,0.37517169565293296,0.6106601110946317,0.3088591547883519,674,,,,,680086,
2023-06-24,90,1833.4167633333334,27.79732677739764,90.0,90,,,,,0.30555938798573806,0.30555938798573806,0.30555938798573806,,,,,5432396,,
2023-06-25,79,1726.6855993333334,908.0460080616563,55.0,55,,,,,0.3449772560554419,0.7549285684036084,0.30879869498825613,1460,,,,3332576,316413,
2023-06-26,45,1563.8823624999998,1174.9814318620647,13.0,13,,,,,0.3243811263534616,0.8687652319949596,0.26767796156012547,1971,,,,876885,,
2023-06-27,22,1553.8873273333336,473.5313020021702,12.0,12,,,,,0.3684039878906805,1.3187255541085803,0.30885917695440723,880,,,,660000,51277,
2023-06-28,,1512.0,,,,,,,,,,,14,,,,,,
2023-06-29,1,1511.9999999999998,42.73574063607627,,,,,,,0.3079195247122254,0.3079195247122254,0.3079195247122254,43,,,,,,
2023-06-30,100,1710.3042174110487,3546.742554569049,6.0,6,,,,,0.42651694165740706,3.2173942364140165,0.26767796156012547,5609,,,,,3583812,
2023-07-01,64,1545.2,1914.5713155179835,,,,,,,0.4497193503399538,0.6146629212829049,0.3088591564979289,3099,,,,,600000,
2023-07-02,181,1991.840212054342,4704.664081438988,18.0,18,,,,,0.3893584541733669,1.405575167122871,0.26767796156012547,7676,,,,1032253,7568046,
2023-07-03,82,1673.3011191666667,2076.451387219645,15.0,15,,,,,0.37500128766125373,0.9241333462530616,0.3088591678708083,3464,,,,970717,1877115,
2023-07-04,191,1892.4253126163112,7983.206017969591,17.0,9,,,,,0.5762645143453347,2.515488968479165,0.3088591547883519,12389,,,,,6875158,
2023-07-05,59,1666.3294538333332,765.1906427781397,35.0,35,,,,,0.4399211440693257,1.462874889496328,0.26767796156012547,1288,,,,2151353,488694,
2023-07-06,2,1512.0,53.123780063471045,,,,,,,0.7035273823378969,0.7035273823378969,0.7035273823378969,219,,,,,,
2023-07-07,90,1323.5835232021507,3164.4807436681513,4.0,4,,,,,0.7524912769786805,4.865495545492245,0.2882685739878274,4993,,,,,3132202,
2023-07-08,,1512.0,,,,,,,,,,,,,,,,,
2023-07-09,141,1655.7372073774056,3309.9179343226333,18.0,18,,,,,0.518488696246855,1.1077601222970048,0.26767796156012547,5347,,,,887800,1648357,
2023-07-10,101,1649.51408287858,3072.000719828604,,,,,,,0.47848310464076355,1.0473685497033567,0.3088591695925618,4992,,,,,2485194,
2023-07-11,139,1797.4203975000003,3454.2729338636327,17.0,17,,,,,0.41980169904784725,1.2224002245660186,0.26767796156012547,5646,,,,1059599,4025195,
2023-07-12,90,1645.5139283959982,3392.4065855046724,15.0,14,,,,,0.47980370998440697,2.5163183128351942,0.30885915965407107,5355,,,,658961,1708291,
2023-07-13,4,1511.9999999999998,150.10556459794725,,,,,,,0.3088924804433639,0.3091809834272811,0.3088591707757155,205,,,,,,
2023-07-14,5,1512.0,119.83736432922538,,,,,,,0.5375185076889082,0.7661778289050455,0.3088591720395388,255,,,,,,
2023-07-15,,1512.0000000000002,,,,,,,,,,,,,,,,,
2023-07-16,53,1643.7007480000004,1734.6243495171684,,,,,,,0.3728363459478574,1.119394803525654,0.25738265534627447,3217,,,,,2380134,
2023-07-17,20,1551.6359306666668,1282.4926204755443,7.0,4,,,,,0.3223307534810717,2.811968524165767,0.28680538768267755,1858,,,,,716312,
2023-07-18,163,1978.7198608333338,2017.8514186361258,143.0,140,,,,,0.7238538468893072,2.720256742741582,0.25738265534627447,3022,,,,7888223,,
2023-07-19,103,1649.8538018333334,2498.6207033049855,19.0,17,,,,,0.42055385125318706,1.6952036142178093,0.29856388020167834,3964,,,,913805,1514223,
2023-07-20,1,1512.0,43.85800447100517,,,,,,,0.30885919309732823,0.30885919309732823,0.30885919309732823,71,,,,,,
2023-07-21,1,1265.2742405216027,27.179608404566583,,,,,,,0.30885917203953883,0.30885917203953883,0.30885917203953883,55,,,,,,
2023-07-22,,1385.9972047004826,,,,,,,,,,,,,,,,,
2023-07-23,,1512.0,,,,,,,,,,,,,,,,,
2023-07-24,131,1802.273686666667,3165.9283828029515,,,,,,,0.37967545580371326,0.874258366463386,0.26767796156012547,5213,,,,,5245910,
2023-07-25,171,1713.3981833482735,4321.221428840447,,,,,,,0.41636735460806146,0.9003413631032294,0.25738265534627447,6981,,,,,3074148,247884
2023-07-26,135,1808.1795308821386,6157.773573487499,35.0,32,,,,,0.6297791997295938,4.8611188121321725,0.3082721599101677,8897,,,,,5352643,
2023-07-27,60,1716.1010623564268,2167.821901455461,3.0,2,,,,,3.453761188805195,12.958646774291992,0.29509245121237404,3509,,,,,3688574,
2023-07-28,31,1626.5212420000003,935.3824803672134,,,,,,,0.4527326665903523,1.0712356788585162,0.26767796156012547,1548,,,,,2069661,
2023-07-29,41,1554.5440846666665,865.4234403363133,,,,,,,0.3171124771449858,0.828359294525067,0.3088591720395388,1401,,,,,768869,
2023-07-30,17,1512.0,796.4907571212387,2.0,1,,,,,0.8596568150139161,3.3937312654903615,0.3088591564979289,1225,,,,,,
2023-07-31,40,1512.0,1055.0022726463708,,,,,,,0.3873951998286615,0.9301805943262679,0.30885915237017764,1727,,,,,,
2023-08-01,92,1576.5206033333332,3082.9531893079893,9.0,7,,,,,0.38221435660884107,3.6970701730833704,0.2882685739878274,4755,,,,,1166035,
2023-08-02,96,1688.526123296796,3448.7441689263487,12.0,11,,,,,1.1356142796727713,9.509011268615723,0.2779732677739764,5363,,,,,3190232,
2023-08-03,1,1512.0,26.561890031735523,,,,,,,0.3088591827379502,0.3088591827379502,0.3088591827379502,43,,,,,,
2023-08-04,17,1266.0278501899502,818.9647427464415,4.0,3,,,,,0.46460934682025706,1.7688136521731461,0.30595256959645584,1265,,,,,1561086,
2023-08-05,,1512.0000000000002,,,,,,,,,,,,,,,,,
2023-08-06,33,1183.6254368352224,783.2805703260773,,,,,,,0.44316968849440563,0.7433588516579461,0.3088591547883519,1375,,,,,,
